v -80.0000 66.2423 -450.0000
v -70.0000 65.6837 -450.0000
v -60.0000 65.7137 -450.0000
v -50.0000 65.5135 -450.0000
v -40.0000 65.1336 -450.0000
v -30.0000 65.0000 -450.0000
v -20.0000 65.0000 -450.0000
v -10.0000 65.0000 -450.0000
v 0.0000 65.0000 -450.0000
v 10.0000 65.0000 -450.0000
v 20.0000 65.0000 -450.0000
v 30.0000 65.0000 -450.0000
v 40.0000 65.1360 -450.0000
v 50.0000 65.6716 -450.0000
v 60.0000 66.2173 -450.0000
v 70.0000 66.2715 -450.0000
v 80.0000 66.0691 -450.0000
v -80.0000 66.5245 -451.8750
v -70.0000 65.6289 -451.8750
v -60.0000 65.5762 -451.8750
v -50.0000 65.4466 -451.8750
v -40.0000 65.1264 -451.8750
v -30.0000 65.0000 -451.8750
v -20.0000 65.0000 -451.8750
v -10.0000 65.0000 -451.8750
v 0.0000 65.0000 -451.8750
v 10.0000 65.0000 -451.8750
v 20.0000 65.0000 -451.8750
v 30.0000 65.0000 -451.8750
v 40.0000 65.1302 -451.8750
v 50.0000 65.6955 -451.8750
v 60.0000 66.3688 -451.8750
v 70.0000 66.5539 -451.8750
v 80.0000 66.2520 -451.8750
v -80.0000 66.8940 -453.7500
v -70.0000 65.6481 -453.7500
v -60.0000 65.4650 -453.7500
v -50.0000 65.3783 -453.7500
v -40.0000 65.1167 -453.7500
v -30.0000 65.0000 -453.7500
v -20.0000 65.0000 -453.7500
v -10.0000 65.0000 -453.7500
v 0.0000 65.0000 -453.7500
v 10.0000 65.0000 -453.7500
v 20.0000 65.0000 -453.7500
v 30.0000 65.0000 -453.7500
v 40.0000 65.1217 -453.7500
v 50.0000 65.7031 -453.7500
v 60.0000 66.4997 -453.7500
v 70.0000 66.8557 -453.7500
v 80.0000 66.5383 -453.7500
v -80.0000 67.3289 -455.6250
v -70.0000 65.7401 -455.6250
v -60.0000 65.3867 -455.6250
v -50.0000 65.3125 -455.6250
v -40.0000 65.1050 -455.6250
v -30.0000 65.0000 -455.6250
v -20.0000 65.0000 -455.6250
v -10.0000 65.0000 -455.6250
v 0.0000 65.0000 -455.6250
v 10.0000 65.0000 -455.6250
v 20.0000 65.0000 -455.6250
v 30.0000 65.0000 -455.6250
v 40.0000 65.1108 -455.6250
v 50.0000 65.6941 -455.6250
v 60.0000 66.6022 -455.6250
v 70.0000 67.1589 -455.6250
v 80.0000 66.9109 -455.6250
v -80.0000 67.8034 -457.5000
v -70.0000 65.8995 -457.5000
v -60.0000 65.3458 -457.5000
v -50.0000 65.2532 -457.5000
v -40.0000 65.0920 -457.5000
v -30.0000 65.0000 -457.5000
v -20.0000 65.0000 -457.5000
v -10.0000 65.0000 -457.5000
v 0.0000 65.0000 -457.5000
v 10.0000 65.0000 -457.5000
v 20.0000 65.0000 -457.5000
v 30.0000 65.0000 -457.5000
v 40.0000 65.0983 -457.5000
v 50.0000 65.6691 -457.5000
v 60.0000 66.6704 -457.5000
v 70.0000 67.4456 -457.5000
v 80.0000 67.3480 -457.5000
v -80.0000 68.2896 -459.3750
v -70.0000 66.1169 -459.3750
v -60.0000 65.3449 -459.3750
v -50.0000 65.2039 -459.3750
v -40.0000 65.0785 -459.3750
v -30.0000 65.0000 -459.3750
v -20.0000 65.0000 -459.3750
v -10.0000 65.0000 -459.3750
v 0.0000 65.0000 -459.3750
v 10.0000 65.0000 -459.3750
v 20.0000 65.0000 -459.3750
v 30.0000 65.0000 -459.3750
v 40.0000 65.0850 -459.3750
v 50.0000 65.6294 -459.3750
v 60.0000 66.7002 -459.3750
v 70.0000 67.6989 -459.3750
v 80.0000 67.8236 -459.3750
v -80.0000 68.7586 -461.2500
v -70.0000 66.3795 -461.2500
v -60.0000 65.3839 -461.2500
v -50.0000 65.1674 -461.2500
v -40.0000 65.0653 -461.2500
v -30.0000 65.0000 -461.2500
v -20.0000 65.0000 -461.2500
v -10.0000 65.0000 -461.2500
v 0.0000 65.0000 -461.2500
v 10.0000 65.0000 -461.2500
v 20.0000 65.0000 -461.2500
v 30.0000 65.0000 -461.2500
v 40.0000 65.0715 -461.2500
v 50.0000 65.5775 -461.2500
v 60.0000 66.6898 -461.2500
v 70.0000 67.9037 -461.2500
v 80.0000 68.3096 -461.2500
v -80.0000 69.1828 -463.1250
v -70.0000 66.6716 -463.1250
v -60.0000 65.4605 -463.1250
v -50.0000 65.1460 -463.1250
v -40.0000 65.0531 -463.1250
v -30.0000 65.0000 -463.1250
v -20.0000 65.0000 -463.1250
v -10.0000 65.0000 -463.1250
v 0.0000 65.0000 -463.1250
v 10.0000 65.0000 -463.1250
v 20.0000 65.0000 -463.1250
v 30.0000 65.0000 -463.1250
v 40.0000 65.0588 -463.1250
v 50.0000 65.5163 -463.1250
v 60.0000 66.6399 -463.1250
v 70.0000 68.0481 -463.1250
v 80.0000 68.7773 -463.1250
v -80.0000 69.5371 -465.0000
v -70.0000 66.9761 -465.0000
v -60.0000 65.5703 -465.0000
v -50.0000 65.1409 -465.0000
v -40.0000 65.0428 -465.0000
v -30.0000 65.0000 -465.0000
v -20.0000 65.0000 -465.0000
v -10.0000 65.0000 -465.0000
v 0.0000 65.0000 -465.0000
v 10.0000 65.0000 -465.0000
v 20.0000 65.0000 -465.0000
v 30.0000 65.0000 -465.0000
v 40.0000 65.0475 -465.0000
v 50.0000 65.4496 -465.0000
v 60.0000 66.5534 -465.0000
v 70.0000 68.1234 -465.0000
v 80.0000 69.1991 -465.0000
v -80.0000 69.8005 -466.8750
v -70.0000 67.2749 -466.8750
v -60.0000 65.7068 -466.8750
v -50.0000 65.1525 -466.8750
v -40.0000 65.0348 -466.8750
v -30.0000 65.0000 -466.8750
v -20.0000 65.0000 -466.8750
v -10.0000 65.0000 -466.8750
v 0.0000 65.0000 -466.8750
v 10.0000 65.0000 -466.8750
v 20.0000 65.0000 -466.8750
v 30.0000 65.0000 -466.8750
v 40.0000 65.0383 -466.8750
v 50.0000 65.3812 -466.8750
v 60.0000 66.4354 -466.8750
v 70.0000 68.1253 -466.8750
v 80.0000 69.5499 -466.8750
v -80.0000 69.9574 -468.7500
v -70.0000 67.5503 -468.7500
v -60.0000 65.8617 -468.7500
v -50.0000 65.1799 -468.7500
v -40.0000 65.0297 -468.7500
v -30.0000 65.0000 -468.7500
v -20.0000 65.0000 -468.7500
v -10.0000 65.0000 -468.7500
v 0.0000 65.0000 -468.7500
v 10.0000 65.0000 -468.7500
v 20.0000 65.0000 -468.7500
v 30.0000 65.0000 -468.7500
v 40.0000 65.0318 -468.7500
v 50.0000 65.3153 -468.7500
v 60.0000 66.2928 -468.7500
v 70.0000 68.0535 -468.7500
v 80.0000 69.8092 -468.7500
v -80.0000 69.9986 -470.6250
v -70.0000 67.7862 -470.6250
v -60.0000 66.0261 -470.6250
v -50.0000 65.2217 -470.6250
v -40.0000 65.0278 -470.6250
v -30.0000 65.0000 -470.6250
v -20.0000 65.0000 -470.6250
v -10.0000 65.0000 -470.6250
v 0.0000 65.0000 -470.6250
v 10.0000 65.0000 -470.6250
v 20.0000 65.0000 -470.6250
v 30.0000 65.0000 -470.6250
v 40.0000 65.0283 -470.6250
v 50.0000 65.2556 -470.6250
v 60.0000 66.1342 -470.6250
v 70.0000 67.9123 -470.6250
v 80.0000 69.9615 -470.6250
v -80.0000 69.9217 -472.5000
v -70.0000 67.9685 -472.5000
v -60.0000 66.1902 -472.5000
v -50.0000 65.2752 -472.5000
v -40.0000 65.0291 -472.5000
v -30.0000 65.0000 -472.5000
v -20.0000 65.0000 -472.5000
v -10.0000 65.0000 -472.5000
v 0.0000 65.0000 -472.5000
v 10.0000 65.0000 -472.5000
v 20.0000 65.0000 -472.5000
v 30.0000 65.0000 -472.5000
v 40.0000 65.0281 -472.5000
v 50.0000 65.2058 -472.5000
v 60.0000 65.9689 -472.5000
v 70.0000 67.7102 -472.5000
v 80.0000 69.9978 -472.5000
v -80.0000 69.7311 -474.3750
v -70.0000 68.0864 -474.3750
v -60.0000 66.3443 -474.3750
v -50.0000 65.3375 -474.3750
v -40.0000 65.0337 -474.3750
v -30.0000 65.0000 -474.3750
v -20.0000 65.0000 -474.3750
v -10.0000 65.0000 -474.3750
v 0.0000 65.0000 -474.3750
v 10.0000 65.0000 -474.3750
v 20.0000 65.0000 -474.3750
v 30.0000 65.0000 -474.3750
v 40.0000 65.0311 -474.3750
v 50.0000 65.1687 -474.3750
v 60.0000 65.8067 -474.3750
v 70.0000 67.4589 -474.3750
v 80.0000 69.9160 -474.3750
v -80.0000 69.4382 -476.2500
v -70.0000 68.1330 -476.2500
v -60.0000 66.4792 -476.2500
v -50.0000 65.4047 -476.2500
v -40.0000 65.0412 -476.2500
v -30.0000 65.0000 -476.2500
v -20.0000 65.0000 -476.2500
v -10.0000 65.0000 -476.2500
v 0.0000 65.0000 -476.2500
v 10.0000 65.0000 -476.2500
v 20.0000 65.0000 -476.2500
v 30.0000 65.0000 -476.2500
v 40.0000 65.0373 -476.2500
v 50.0000 65.1466 -476.2500
v 60.0000 65.6571 -476.2500
v 70.0000 67.1735 -476.2500
v 80.0000 69.7209 -476.2500
v -80.0000 69.0603 -478.1250
v -70.0000 68.1056 -478.1250
v -60.0000 66.5871 -478.1250
v -50.0000 65.4730 -478.1250
v -40.0000 65.0512 -478.1250
v -30.0000 65.0000 -478.1250
v -20.0000 65.0000 -478.1250
v -10.0000 65.0000 -478.1250
v 0.0000 65.0000 -478.1250
v 10.0000 65.0000 -478.1250
v 20.0000 65.0000 -478.1250
v 30.0000 65.0000 -478.1250
v 40.0000 65.0461 -478.1250
v 50.0000 65.1408 -478.1250
v 60.0000 65.5291 -478.1250
v 70.0000 66.8707 -478.1250
v 80.0000 69.4241 -478.1250
v -80.0000 68.6197 -480.0000
v -70.0000 68.0057 -480.0000
v -60.0000 66.6615 -480.0000
v -50.0000 65.5382 -480.0000
v -40.0000 65.0631 -480.0000
v -30.0000 65.0000 -480.0000
v -20.0000 65.0000 -480.0000
v -10.0000 65.0000 -480.0000
v 0.0000 65.0000 -480.0000
v 10.0000 65.0000 -480.0000
v 20.0000 65.0000 -480.0000
v 30.0000 65.0000 -480.0000
v 40.0000 65.0572 -480.0000
v 50.0000 65.1516 -480.0000
v 60.0000 65.4301 -480.0000
v 70.0000 66.5685 -480.0000
v 80.0000 69.0431 -480.0000
v -80.0000 68.1425 -481.8750
v -70.0000 67.8393 -481.8750
v -60.0000 66.6980 -481.8750
v -50.0000 65.5966 -481.8750
v -40.0000 65.0761 -481.8750
v -30.0000 65.0000 -481.8750
v -20.0000 65.0000 -481.8750
v -10.0000 65.0000 -481.8750
v 0.0000 65.0000 -481.8750
v 10.0000 65.0000 -481.8750
v 20.0000 65.0000 -481.8750
v 30.0000 65.0000 -481.8750
v 40.0000 65.0698 -481.8750
v 50.0000 65.1784 -481.8750
v 60.0000 65.3660 -481.8750
v 70.0000 66.2847 -481.8750
v 80.0000 68.6004 -481.8750
v -80.0000 67.6568 -483.7500
v -70.0000 67.6162 -483.7500
v -60.0000 66.6944 -483.7500
v -50.0000 65.6446 -483.7500
v -40.0000 65.0897 -483.7500
v -30.0000 65.0000 -483.7500
v -20.0000 65.0000 -483.7500
v -10.0000 65.0000 -483.7500
v 0.0000 65.0000 -483.7500
v 10.0000 65.0000 -483.7500
v 20.0000 65.0000 -483.7500
v 30.0000 65.0000 -483.7500
v 40.0000 65.0832 -483.7500
v 50.0000 65.2196 -483.7500
v 60.0000 65.3406 -483.7500
v 70.0000 66.0361 -483.7500
v 80.0000 68.1223 -483.7500
v -80.0000 67.1914 -485.6250
v -70.0000 67.3496 -485.6250
v -60.0000 66.6511 -485.6250
v -50.0000 65.6795 -485.6250
v -40.0000 65.1028 -485.6250
v -30.0000 65.0000 -485.6250
v -20.0000 65.0000 -485.6250
v -10.0000 65.0000 -485.6250
v 0.0000 65.0000 -485.6250
v 10.0000 65.0000 -485.6250
v 20.0000 65.0000 -485.6250
v 30.0000 65.0000 -485.6250
v 40.0000 65.0966 -485.6250
v 50.0000 65.2727 -485.6250
v 60.0000 65.3555 -485.6250
v 70.0000 65.8374 -485.6250
v 80.0000 67.6369 -485.6250
v -80.0000 66.7738 -487.5000
v -70.0000 67.0552 -487.5000
v -60.0000 66.5704 -487.5000
v -50.0000 65.6991 -487.5000
v -40.0000 65.1148 -487.5000
v -30.0000 65.0000 -487.5000
v -20.0000 65.0000 -487.5000
v -10.0000 65.0000 -487.5000
v 0.0000 65.0000 -487.5000
v 10.0000 65.0000 -487.5000
v 20.0000 65.0000 -487.5000
v 30.0000 65.0000 -487.5000
v 40.0000 65.1092 -487.5000
v 50.0000 65.3347 -487.5000
v 60.0000 65.4097 -487.5000
v 70.0000 65.7004 -487.5000
v 80.0000 67.1729 -487.5000
v -80.0000 66.4287 -489.3750
v -70.0000 66.7504 -489.3750
v -60.0000 66.4573 -489.3750
v -50.0000 65.7023 -489.3750
v -40.0000 65.1249 -489.3750
v -30.0000 65.0000 -489.3750
v -20.0000 65.0000 -489.3750
v -10.0000 65.0000 -489.3750
v 0.0000 65.0000 -489.3750
v 10.0000 65.0000 -489.3750
v 20.0000 65.0000 -489.3750
v 30.0000 65.0000 -489.3750
v 40.0000 65.1203 -489.3750
v 50.0000 65.4018 -489.3750
v 60.0000 65.5000 -489.3750
v 70.0000 65.6331 -489.3750
v 80.0000 66.7579 -489.3750
v -80.0000 66.1766 -491.2500
v -70.0000 66.4534 -491.2500
v -60.0000 66.3184 -491.2500
v -50.0000 65.6890 -491.2500
v -40.0000 65.1326 -491.2500
v -30.0000 65.0000 -491.2500
v -20.0000 65.0000 -491.2500
v -10.0000 65.0000 -491.2500
v 0.0000 65.0000 -491.2500
v 10.0000 65.0000 -491.2500
v 20.0000 65.0000 -491.2500
v 30.0000 65.0000 -491.2500
v 40.0000 65.1292 -491.2500
v 50.0000 65.4701 -491.2500
v 60.0000 65.6211 -491.2500
v 70.0000 65.6395 -491.2500
v 80.0000 66.4163 -491.2500
v -80.0000 66.0322 -493.1250
v -70.0000 66.1816 -493.1250
v -60.0000 66.1619 -493.1250
v -50.0000 65.6599 -493.1250
v -40.0000 65.1373 -493.1250
v -30.0000 65.0000 -493.1250
v -20.0000 65.0000 -493.1250
v -10.0000 65.0000 -493.1250
v 0.0000 65.0000 -493.1250
v 10.0000 65.0000 -493.1250
v 20.0000 65.0000 -493.1250
v 30.0000 65.0000 -493.1250
v 40.0000 65.1354 -493.1250
v 50.0000 65.5355 -493.1250
v 60.0000 65.7659 -493.1250
v 70.0000 65.7193 -493.1250
v 80.0000 66.1683 -493.1250
v -80.0000 66.0041 -495.0000
v -70.0000 65.9510 -495.0000
v -60.0000 65.9970 -495.0000
v -50.0000 65.6167 -495.0000
v -40.0000 65.1389 -495.0000
v -30.0000 65.0000 -495.0000
v -20.0000 65.0000 -495.0000
v -10.0000 65.0000 -495.0000
v 0.0000 65.0000 -495.0000
v 10.0000 65.0000 -495.0000
v 20.0000 65.0000 -495.0000
v 30.0000 65.0000 -495.0000
v 40.0000 65.1385 -495.0000
v 50.0000 65.5943 -495.0000
v 60.0000 65.9257 -495.0000
v 70.0000 65.8678 -495.0000
v 80.0000 66.0286 -495.0000
v -80.0000 66.0941 -496.8750
v -70.0000 65.7755 -496.8750
v -60.0000 65.8336 -496.8750
v -50.0000 65.5619 -496.8750
v -40.0000 65.1372 -496.8750
v -30.0000 65.0000 -496.8750
v -20.0000 65.0000 -496.8750
v -10.0000 65.0000 -496.8750
v 0.0000 65.0000 -496.8750
v 10.0000 65.0000 -496.8750
v 20.0000 65.0000 -496.8750
v 30.0000 65.0000 -496.8750
v 40.0000 65.1384 -496.8750
v 50.0000 65.6428 -496.8750
v 60.0000 66.0911 -496.8750
v 70.0000 66.0760 -496.8750
v 80.0000 66.0055 -496.8750
v -80.0000 66.2967 -498.7500
v -70.0000 65.6652 -498.7500
v -60.0000 65.6812 -498.7500
v -50.0000 65.4989 -498.7500
v -40.0000 65.1323 -498.7500
v -30.0000 65.0000 -498.7500
v -20.0000 65.0000 -498.7500
v -10.0000 65.0000 -498.7500
v 0.0000 65.0000 -498.7500
v 10.0000 65.0000 -498.7500
v 20.0000 65.0000 -498.7500
v 30.0000 65.0000 -498.7500
v 40.0000 65.1350 -498.7500
v 50.0000 65.6783 -498.7500
v 60.0000 66.2524 -498.7500
v 70.0000 66.3319 -498.7500
v 80.0000 66.1003 -498.7500
v -80.0000 66.6000 -500.6250
v -70.0000 65.6267 -500.6250
v -60.0000 65.5489 -500.6250
v -50.0000 65.4314 -500.6250
v -40.0000 65.1245 -500.6250
v -30.0000 65.0000 -500.6250
v -20.0000 65.0000 -500.6250
v -10.0000 65.0000 -500.6250
v 0.0000 65.0000 -500.6250
v 10.0000 65.0000 -500.6250
v 20.0000 65.0000 -500.6250
v 30.0000 65.0000 -500.6250
v 40.0000 65.1285 -500.6250
v 50.0000 65.6986 -500.6250
v 60.0000 66.4000 -500.6250
v 70.0000 66.6201 -500.6250
v 80.0000 66.3074 -500.6250
v -80.0000 66.9861 -502.5000
v -70.0000 65.6624 -502.5000
v -60.0000 65.4445 -502.5000
v -50.0000 65.3633 -502.5000
v -40.0000 65.1142 -502.5000
v -30.0000 65.0000 -502.5000
v -20.0000 65.0000 -502.5000
v -10.0000 65.0000 -502.5000
v 0.0000 65.0000 -502.5000
v 10.0000 65.0000 -502.5000
v 20.0000 65.0000 -502.5000
v 30.0000 65.0000 -502.5000
v 40.0000 65.1194 -502.5000
v 50.0000 65.7026 -502.5000
v 60.0000 66.5252 -502.5000
v 70.0000 66.9237 -502.5000
v 80.0000 66.6146 -502.5000
v -80.0000 67.4322 -504.3750
v -70.0000 65.7701 -504.3750
v -60.0000 65.3742 -504.3750
v -50.0000 65.2986 -504.3750
v -40.0000 65.1022 -504.3750
v -30.0000 65.0000 -504.3750
v -20.0000 65.0000 -504.3750
v -10.0000 65.0000 -504.3750
v 0.0000 65.0000 -504.3750
v 10.0000 65.0000 -504.3750
v 20.0000 65.0000 -504.3750
v 30.0000 65.0000 -504.3750
v 40.0000 65.1082 -504.3750
v 50.0000 65.6899 -504.3750
v 60.0000 66.6206 -504.3750
v 70.0000 67.2248 -504.3750
v 80.0000 67.0036 -504.3750
v -80.0000 67.9118 -506.2500
v -70.0000 65.9434 -506.2500
v -60.0000 65.3421 -506.2500
v -50.0000 65.2412 -506.2500
v -40.0000 65.0890 -506.2500
v -30.0000 65.0000 -506.2500
v -20.0000 65.0000 -506.2500
v -10.0000 65.0000 -506.2500
v 0.0000 65.0000 -506.2500
v 10.0000 65.0000 -506.2500
v 20.0000 65.0000 -506.2500
v 30.0000 65.0000 -506.2500
v 40.0000 65.0954 -506.2500
v 50.0000 65.6614 -506.2500
v 60.0000 66.6805 -506.2500
v 70.0000 67.5055 -506.2500
v 80.0000 67.4516 -506.2500
v -80.0000 68.3966 -508.1250
v -70.0000 66.1721 -508.1250
v -60.0000 65.3501 -508.1250
v -50.0000 65.1945 -508.1250
v -40.0000 65.0755 -508.1250
v -30.0000 65.0000 -508.1250
v -20.0000 65.0000 -508.1250
v -10.0000 65.0000 -508.1250
v 0.0000 65.0000 -508.1250
v 10.0000 65.0000 -508.1250
v 20.0000 65.0000 -508.1250
v 30.0000 65.0000 -508.1250
v 40.0000 65.0820 -508.1250
v 50.0000 65.6188 -508.1250
v 60.0000 66.7014 -508.1250
v 70.0000 67.7492 -508.1250
v 80.0000 67.9320 -508.1250
v -80.0000 68.8580 -510.0000
v -70.0000 66.4426 -510.0000
v -60.0000 65.3978 -510.0000
v -50.0000 65.1613 -510.0000
v -40.0000 65.0625 -510.0000
v -30.0000 65.0000 -510.0000
v -20.0000 65.0000 -510.0000
v -10.0000 65.0000 -510.0000
v 0.0000 65.0000 -510.0000
v 10.0000 65.0000 -510.0000
v 20.0000 65.0000 -510.0000
v 30.0000 65.0000 -510.0000
v 40.0000 65.0686 -510.0000
v 50.0000 65.5645 -510.0000
v 60.0000 66.6821 -510.0000
v 70.0000 67.9415 -510.0000
v 80.0000 68.4164 -510.0000
v -80.0000 69.2686 -511.8750
v -70.0000 66.7390 -511.8750
v -60.0000 65.4823 -511.8750
v -50.0000 65.1435 -511.8750
v -40.0000 65.0507 -511.8750
v -30.0000 65.0000 -511.8750
v -20.0000 65.0000 -511.8750
v -10.0000 65.0000 -511.8750
v 0.0000 65.0000 -511.8750
v 10.0000 65.0000 -511.8750
v 20.0000 65.0000 -511.8750
v 30.0000 65.0000 -511.8750
v 40.0000 65.0561 -511.8750
v 50.0000 65.5018 -511.8750
v 60.0000 66.6236 -511.8750
v 70.0000 68.0711 -511.8750
v 80.0000 68.8762 -511.8750
v -80.0000 69.6043 -513.7500
v -70.0000 67.0438 -513.7500
v -60.0000 65.5987 -513.7500
v -50.0000 65.1421 -513.7500
v -40.0000 65.0408 -513.7500
v -30.0000 65.0000 -513.7500
v -20.0000 65.0000 -513.7500
v -10.0000 65.0000 -513.7500
v 0.0000 65.0000 -513.7500
v 10.0000 65.0000 -513.7500
v 20.0000 65.0000 -513.7500
v 30.0000 65.0000 -513.7500
v 40.0000 65.0452 -513.7500
v 50.0000 65.4343 -513.7500
v 60.0000 66.5296 -513.7500
v 70.0000 68.1303 -513.7500
v 80.0000 69.2842 -513.7500
v -80.0000 69.8451 -515.6250
v -70.0000 67.3389 -515.6250
v -60.0000 65.7400 -515.6250
v -50.0000 65.1572 -515.6250
v -40.0000 65.0334 -515.6250
v -30.0000 65.0000 -515.6250
v -20.0000 65.0000 -515.6250
v -10.0000 65.0000 -515.6250
v 0.0000 65.0000 -515.6250
v 10.0000 65.0000 -515.6250
v 20.0000 65.0000 -515.6250
v 30.0000 65.0000 -515.6250
v 40.0000 65.0366 -515.6250
v 50.0000 65.3662 -515.6250
v 60.0000 66.4054 -515.6250
v 70.0000 68.1156 -515.6250
v 80.0000 69.6163 -515.6250
v -80.0000 69.9768 -517.5000
v -70.0000 67.6069 -517.5000
v -60.0000 65.8979 -517.5000
v -50.0000 65.1880 -517.5000
v -40.0000 65.0290 -517.5000
v -30.0000 65.0000 -517.5000
v -20.0000 65.0000 -517.5000
v -10.0000 65.0000 -517.5000
v 0.0000 65.0000 -517.5000
v 10.0000 65.0000 -517.5000
v 20.0000 65.0000 -517.5000
v 30.0000 65.0000 -517.5000
v 40.0000 65.0307 -517.5000
v 50.0000 65.3013 -517.5000
v 60.0000 66.2586 -517.5000
v 70.0000 68.0278 -517.5000
v 80.0000 69.8528 -517.5000
v -80.0000 69.9917 -519.3750
v -70.0000 67.8319 -519.3750
v -60.0000 66.0631 -519.3750
v -50.0000 65.2327 -519.3750
v -40.0000 65.0278 -519.3750
v -30.0000 65.0000 -519.3750
v -20.0000 65.0000 -519.3750
v -10.0000 65.0000 -519.3750
v 0.0000 65.0000 -519.3750
v 10.0000 65.0000 -519.3750
v 20.0000 65.0000 -519.3750
v 30.0000 65.0000 -519.3750
v 40.0000 65.0280 -519.3750
v 50.0000 65.2435 -519.3750
v 60.0000 66.0976 -519.3750
v 70.0000 67.8722 -519.3750
v 80.0000 69.9798 -519.3750
v -80.0000 69.8888 -521.2500
v -70.0000 68.0006 -521.2500
v -60.0000 66.2258 -521.2500
v -50.0000 65.2885 -521.2500
v -40.0000 65.0299 -521.2500
v -30.0000 65.0000 -521.2500
v -20.0000 65.0000 -521.2500
v -10.0000 65.0000 -521.2500
v 0.0000 65.0000 -521.2500
v 10.0000 65.0000 -521.2500
v 20.0000 65.0000 -521.2500
v 30.0000 65.0000 -521.2500
v 40.0000 65.0285 -521.2500
v 50.0000 65.1963 -521.2500
v 60.0000 65.9322 -521.2500
v 70.0000 67.6580 -521.2500
v 80.0000 69.9897 -521.2500
v -80.0000 69.6742 -523.1250
v -70.0000 68.1031 -523.1250
v -60.0000 66.3763 -523.1250
v -50.0000 65.3522 -523.1250
v -40.0000 65.0351 -523.1250
v -30.0000 65.0000 -523.1250
v -20.0000 65.0000 -523.1250
v -10.0000 65.0000 -523.1250
v 0.0000 65.0000 -523.1250
v 10.0000 65.0000 -523.1250
v 20.0000 65.0000 -523.1250
v 30.0000 65.0000 -523.1250
v 40.0000 65.0322 -523.1250
v 50.0000 65.1624 -523.1250
v 60.0000 65.7719 -523.1250
v 70.0000 67.3977 -523.1250
v 80.0000 69.8820 -523.1250
v -80.0000 69.3607 -525.0000
v -70.0000 68.1334 -525.0000
v -60.0000 66.5059 -525.0000
v -50.0000 65.4200 -525.0000
v -40.0000 65.0432 -525.0000
v -30.0000 65.0000 -525.0000
v -20.0000 65.0000 -525.0000
v -10.0000 65.0000 -525.0000
v 0.0000 65.0000 -525.0000
v 10.0000 65.0000 -525.0000
v 20.0000 65.0000 -525.0000
v 30.0000 65.0000 -525.0000
v 40.0000 65.0390 -525.0000
v 50.0000 65.1439 -525.0000
v 60.0000 65.6264 -525.0000
v 70.0000 67.1069 -525.0000
v 80.0000 69.6631 -525.0000
v -80.0000 68.9667 -526.8750
v -70.0000 68.0895 -526.8750
v -60.0000 66.6068 -526.8750
v -50.0000 65.4879 -526.8750
v -40.0000 65.0537 -526.8750
v -30.0000 65.0000 -526.8750
v -20.0000 65.0000 -526.8750
v -10.0000 65.0000 -526.8750
v 0.0000 65.0000 -526.8750
v 10.0000 65.0000 -526.8750
v 20.0000 65.0000 -526.8750
v 30.0000 65.0000 -526.8750
v 40.0000 65.0484 -526.8750
v 50.0000 65.1418 -526.8750
v 60.0000 65.5042 -526.8750
v 70.0000 66.8027 -526.8750
v 80.0000 69.3458 -526.8750
v -80.0000 68.5156 -528.7500
v -70.0000 67.9741 -528.7500
v -60.0000 66.6730 -528.7500
v -50.0000 65.5520 -528.7500
v -40.0000 65.0659 -528.7500
v -30.0000 65.0000 -528.7500
v -20.0000 65.0000 -528.7500
v -10.0000 65.0000 -528.7500
v 0.0000 65.0000 -528.7500
v 10.0000 65.0000 -528.7500
v 20.0000 65.0000 -528.7500
v 30.0000 65.0000 -528.7500
v 40.0000 65.0599 -528.7500
v 50.0000 65.1562 -528.7500
v 60.0000 65.4126 -528.7500
v 70.0000 66.5030 -528.7500
v 80.0000 68.9489 -528.7500
v -80.0000 68.0339 -530.6250
v -70.0000 67.7941 -530.6250
v -60.0000 66.7007 -530.6250
v -50.0000 65.6083 -530.6250
v -40.0000 65.0791 -530.6250
v -30.0000 65.0000 -530.6250
v -20.0000 65.0000 -530.6250
v -10.0000 65.0000 -530.6250
v 0.0000 65.0000 -530.6250
v 10.0000 65.0000 -530.6250
v 20.0000 65.0000 -530.6250
v 30.0000 65.0000 -530.6250
v 40.0000 65.0727 -530.6250
v 50.0000 65.1864 -530.6250
v 60.0000 65.3569 -530.6250
v 70.0000 66.2257 -530.6250
v 80.0000 68.4960 -530.6250
v -80.0000 67.5503 -532.5000
v -70.0000 67.5600 -532.5000
v -60.0000 66.6881 -532.5000
v -50.0000 65.6536 -532.5000
v -40.0000 65.0926 -532.5000
v -30.0000 65.0000 -532.5000
v -20.0000 65.0000 -532.5000
v -10.0000 65.0000 -532.5000
v 0.0000 65.0000 -532.5000
v 10.0000 65.0000 -532.5000
v 20.0000 65.0000 -532.5000
v 30.0000 65.0000 -532.5000
v 40.0000 65.0862 -532.5000
v 50.0000 65.2305 -532.5000
v 60.0000 65.3404 -532.5000
v 70.0000 65.9870 -532.5000
v 80.0000 68.0137 -532.5000
v -80.0000 67.0933 -534.3750
v -70.0000 67.2858 -534.3750
v -60.0000 66.6362 -534.3750
v -50.0000 65.6852 -534.3750
v -40.0000 65.1056 -534.3750
v -30.0000 65.0000 -534.3750
v -20.0000 65.0000 -534.3750
v -10.0000 65.0000 -534.3750
v 0.0000 65.0000 -534.3750
v 10.0000 65.0000 -534.3750
v 20.0000 65.0000 -534.3750
v 30.0000 65.0000 -534.3750
v 40.0000 65.0995 -534.3750
v 50.0000 65.2859 -534.3750
v 60.0000 65.3642 -534.3750
v 70.0000 65.8012 -534.3750
v 80.0000 67.5306 -534.3750
v -80.0000 66.6899 -536.2500
v -70.0000 66.9875 -536.2500
v -60.0000 66.5478 -536.2500
v -50.0000 65.7013 -536.2500
v -40.0000 65.1172 -536.2500
v -30.0000 65.0000 -536.2500
v -20.0000 65.0000 -536.2500
v -10.0000 65.0000 -536.2500
v 0.0000 65.0000 -536.2500
v 10.0000 65.0000 -536.2500
v 20.0000 65.0000 -536.2500
v 30.0000 65.0000 -536.2500
v 40.0000 65.1119 -536.2500
v 50.0000 65.3493 -536.2500
v 60.0000 65.4268 -536.2500
v 70.0000 65.6791 -536.2500
v 80.0000 67.0753 -536.2500
v -80.0000 66.3639 -538.1250
v -70.0000 66.6830 -538.1250
v -60.0000 66.4283 -538.1250
v -50.0000 65.7008 -538.1250
v -40.0000 65.1268 -538.1250
v -30.0000 65.0000 -538.1250
v -20.0000 65.0000 -538.1250
v -10.0000 65.0000 -538.1250
v 0.0000 65.0000 -538.1250
v 10.0000 65.0000 -538.1250
v 20.0000 65.0000 -538.1250
v 30.0000 65.0000 -538.1250
v 40.0000 65.1225 -538.1250
v 50.0000 65.4170 -538.1250
v 60.0000 65.5246 -538.1250
v 70.0000 65.6281 -538.1250
v 80.0000 66.6746 -538.1250
v -80.0000 66.1346 -540.0000
v -70.0000 66.3900 -540.0000
v -60.0000 66.2847 -540.0000
v -50.0000 65.6838 -540.0000
v -40.0000 65.1339 -540.0000
v -30.0000 65.0000 -540.0000
v -20.0000 65.0000 -540.0000
v -10.0000 65.0000 -540.0000
v 0.0000 65.0000 -540.0000
v 10.0000 65.0000 -540.0000
v 20.0000 65.0000 -540.0000
v 30.0000 65.0000 -540.0000
v 40.0000 65.1309 -540.0000
v 50.0000 65.4850 -540.0000
v 60.0000 65.6516 -540.0000
v 70.0000 65.6511 -540.0000
v 80.0000 66.3523 -540.0000
v -80.0000 66.0157 -541.8750
v -70.0000 66.1261 -541.8750
v -60.0000 66.1255 -541.8750
v -50.0000 65.6514 -541.8750
v -40.0000 65.1380 -541.8750
v -30.0000 65.0000 -541.8750
v -20.0000 65.0000 -541.8750
v -10.0000 65.0000 -541.8750
v 0.0000 65.0000 -541.8750
v 10.0000 65.0000 -541.8750
v 20.0000 65.0000 -541.8750
v 30.0000 65.0000 -541.8750
v 40.0000 65.1364 -541.8750
v 50.0000 65.5493 -541.8750
v 60.0000 65.8005 -541.8750
v 70.0000 65.7467 -541.8750
v 80.0000 66.1274 -541.8750
v -80.0000 66.2162 -543.7500
v -70.0000 66.1089 -543.7500
v -60.0000 66.1623 -543.7500
v -50.0000 65.8075 -543.7500
v -40.0000 65.3409 -543.7500
v -30.0000 65.2021 -543.7500
v -20.0000 65.2021 -543.7500
v -10.0000 65.2021 -543.7500
v 0.0000 65.2021 -543.7500
v 10.0000 65.2021 -543.7500
v 20.0000 65.2021 -543.7500
v 30.0000 65.2021 -543.7500
v 40.0000 65.3409 -543.7500
v 50.0000 65.8082 -543.7500
v 60.0000 66.1646 -543.7500
v 70.0000 66.1115 -543.7500
v 80.0000 66.2154 -543.7500
v -80.0000 66.9568 -545.6250
v -70.0000 66.5719 -545.6250
v -60.0000 66.6253 -545.6250
v -50.0000 66.3755 -545.6250
v -40.0000 65.9633 -545.6250
v -30.0000 65.8270 -545.6250
v -20.0000 65.8270 -545.6250
v -10.0000 65.8270 -545.6250
v 0.0000 65.8270 -545.6250
v 10.0000 65.8270 -545.6250
v 20.0000 65.8270 -545.6250
v 30.0000 65.8270 -545.6250
v 40.0000 65.9649 -545.6250
v 50.0000 66.4789 -545.6250
v 60.0000 66.9548 -545.6250
v 70.0000 66.9564 -545.6250
v 80.0000 66.8435 -545.6250
v -80.0000 68.1668 -547.5000
v -70.0000 67.4610 -547.5000
v -60.0000 67.4604 -547.5000
v -50.0000 67.2948 -547.5000
v -40.0000 66.9415 -547.5000
v -30.0000 66.8107 -547.5000
v -20.0000 66.8107 -547.5000
v -10.0000 66.8107 -547.5000
v 0.0000 66.8107 -547.5000
v 10.0000 66.8107 -547.5000
v 20.0000 66.8107 -547.5000
v 30.0000 66.8107 -547.5000
v 40.0000 66.9445 -547.5000
v 50.0000 67.4949 -547.5000
v 60.0000 68.0975 -547.5000
v 70.0000 68.2046 -547.5000
v 80.0000 67.9478 -547.5000
v -80.0000 69.7681 -549.3750
v -70.0000 68.7167 -549.3750
v -60.0000 68.6115 -549.3750
v -50.0000 68.5046 -549.3750
v -40.0000 68.2108 -549.3750
v -30.0000 68.0885 -549.3750
v -20.0000 68.0885 -549.3750
v -10.0000 68.0885 -549.3750
v 0.0000 68.0885 -549.3750
v 10.0000 68.0885 -549.3750
v 20.0000 68.0885 -549.3750
v 30.0000 68.0885 -549.3750
v 40.0000 68.2152 -549.3750
v 50.0000 68.7894 -549.3750
v 60.0000 69.5186 -549.3750
v 70.0000 69.7755 -549.3750
v 80.0000 69.4562 -549.3750
v -80.0000 71.6766 -551.2500
v -70.0000 70.2757 -551.2500
v -60.0000 70.0211 -551.2500
v -50.0000 69.9438 -551.2500
v -40.0000 69.7071 -551.2500
v -30.0000 69.5954 -551.2500
v -20.0000 69.5954 -551.2500
v -10.0000 69.5954 -551.2500
v 0.0000 69.5954 -551.2500
v 10.0000 69.5954 -551.2500
v 20.0000 69.5954 -551.2500
v 30.0000 69.5954 -551.2500
v 40.0000 69.7125 -551.2500
v 50.0000 70.2966 -551.2500
v 60.0000 71.1447 -551.2500
v 70.0000 71.5871 -551.2500
v 80.0000 71.2903 -551.2500
v -80.0000 73.8038 -553.1250
v -70.0000 72.0700 -553.1250
v -60.0000 71.6303 -553.1250
v -50.0000 71.5517 -553.1250
v -40.0000 71.3660 -553.1250
v -30.0000 71.2666 -553.1250
v -20.0000 71.2666 -553.1250
v -10.0000 71.2666 -553.1250
v 0.0000 71.2666 -553.1250
v 10.0000 71.2666 -553.1250
v 20.0000 71.2666 -553.1250
v 30.0000 71.2666 -553.1250
v 40.0000 71.3721 -553.1250
v 50.0000 71.9515 -553.1250
v 60.0000 72.9038 -553.1250
v 70.0000 73.5564 -553.1250
v 80.0000 73.3659 -553.1250
v -80.0000 76.0577 -555.0000
v -70.0000 74.0273 -555.0000
v -60.0000 73.3778 -555.0000
v -50.0000 73.2672 -555.0000
v -40.0000 73.1234 -555.0000
v -30.0000 73.0374 -555.0000
v -20.0000 73.0374 -555.0000
v -10.0000 73.0374 -555.0000
v 0.0000 73.0374 -555.0000
v 10.0000 73.0374 -555.0000
v 20.0000 73.0374 -555.0000
v 30.0000 73.0374 -555.0000
v 40.0000 73.1298 -555.0000
v 50.0000 73.6904 -555.0000
v 60.0000 74.7259 -555.0000
v 70.0000 75.6009 -555.0000
v 80.0000 75.5942 -555.0000
v -80.0000 78.3451 -556.8750
v -70.0000 76.0719 -556.8750
v -60.0000 75.2000 -556.8750
v -50.0000 75.0285 -556.8750
v -40.0000 74.9152 -556.8750
v -30.0000 74.8427 -556.8750
v -20.0000 74.8427 -556.8750
v -10.0000 74.8427 -556.8750
v 0.0000 74.8427 -556.8750
v 10.0000 74.8427 -556.8750
v 20.0000 74.8427 -556.8750
v 30.0000 74.8427 -556.8750
v 40.0000 74.9216 -556.8750
v 50.0000 75.4503 -556.8750
v 60.0000 76.5432 -556.8750
v 70.0000 77.6396 -556.8750
v 80.0000 77.8833 -556.8750
v -80.0000 80.5725 -558.7500
v -70.0000 78.1247 -558.7500
v -60.0000 77.0313 -558.7500
v -50.0000 76.7736 -558.7500
v -40.0000 76.6774 -558.7500
v -30.0000 76.6177 -558.7500
v -20.0000 76.6177 -558.7500
v -10.0000 76.6177 -558.7500
v 0.0000 76.6177 -558.7500
v 10.0000 76.6177 -558.7500
v 20.0000 76.6177 -558.7500
v 30.0000 76.6177 -558.7500
v 40.0000 76.6834 -558.7500
v 50.0000 77.1688 -558.7500
v 60.0000 78.2900 -558.7500
v 70.0000 79.5938 -558.7500
v 80.0000 80.1397 -558.7500
v -80.0000 82.6483 -560.6250
v -70.0000 80.1044 -560.6250
v -60.0000 78.8033 -560.6250
v -50.0000 78.4393 -560.6250
v -40.0000 78.3458 -560.6250
v -30.0000 78.2976 -560.6250
v -20.0000 78.2976 -560.6250
v -10.0000 78.2976 -560.6250
v 0.0000 78.2976 -560.6250
v 10.0000 78.2976 -560.6250
v 20.0000 78.2976 -560.6250
v 30.0000 78.2976 -560.6250
v 40.0000 78.3511 -560.6250
v 50.0000 78.7846 -560.6250
v 60.0000 79.9032 -560.6250
v 70.0000 81.3882 -560.6250
v 80.0000 82.2701 -560.6250
v -80.0000 84.4842 -562.5000
v -70.0000 81.9285 -562.5000
v -60.0000 80.4458 -562.5000
v -50.0000 79.9615 -562.5000
v -40.0000 79.8564 -562.5000
v -30.0000 79.8175 -562.5000
v -20.0000 79.8175 -562.5000
v -10.0000 79.8175 -562.5000
v 0.0000 79.8175 -562.5000
v 10.0000 79.8175 -562.5000
v 20.0000 79.8175 -562.5000
v 30.0000 79.8175 -562.5000
v 40.0000 79.8606 -562.5000
v 50.0000 80.2366 -562.5000
v 60.0000 81.3218 -562.5000
v 70.0000 82.9509 -562.5000
v 80.0000 84.1830 -562.5000
v -80.0000 85.9968 -564.3750
v -70.0000 83.5141 -564.3750
v -60.0000 81.8866 -564.3750
v -50.0000 81.2753 -564.3750
v -40.0000 81.1447 -564.3750
v -30.0000 81.1125 -564.3750
v -20.0000 81.1125 -564.3750
v -10.0000 81.1125 -564.3750
v 0.0000 81.1125 -564.3750
v 10.0000 81.1125 -564.3750
v 20.0000 81.1125 -564.3750
v 30.0000 81.1125 -564.3750
v 40.0000 81.1476 -564.3750
v 50.0000 81.4638 -564.3750
v 60.0000 82.4869 -564.3750
v 70.0000 84.2148 -564.3750
v 80.0000 85.7904 -564.3750
v -80.0000 87.1083 -566.2500
v -70.0000 84.7791 -566.2500
v -60.0000 83.0523 -566.2500
v -50.0000 82.3148 -566.2500
v -40.0000 82.1463 -566.2500
v -30.0000 82.1179 -566.2500
v -20.0000 82.1179 -566.2500
v -10.0000 82.1179 -566.2500
v 0.0000 82.1179 -566.2500
v 10.0000 82.1179 -566.2500
v 20.0000 82.1179 -566.2500
v 30.0000 82.1179 -566.2500
v 40.0000 82.1477 -566.2500
v 50.0000 82.4056 -566.2500
v 60.0000 83.3415 -566.2500
v 70.0000 85.1166 -566.2500
v 80.0000 87.0088 -566.2500
v -80.0000 87.7475 -568.1250
v -70.0000 85.6434 -568.1250
v -60.0000 83.8686 -568.1250
v -50.0000 83.0129 -568.1250
v -40.0000 82.7967 -568.1250
v -30.0000 82.7687 -568.1250
v -20.0000 82.7687 -568.1250
v -10.0000 82.7687 -568.1250
v 0.0000 82.7687 -568.1250
v 10.0000 82.7687 -568.1250
v 20.0000 82.7687 -568.1250
v 30.0000 82.7687 -568.1250
v 40.0000 82.7965 -568.1250
v 50.0000 83.0006 -568.1250
v 60.0000 83.8295 -568.1250
v 70.0000 85.5978 -568.1250
v 80.0000 87.7609 -568.1250
v -80.0000 87.8503 -570.0000
v -70.0000 86.0295 -570.0000
v -60.0000 84.2607 -570.0000
v -50.0000 83.3021 -570.0000
v -40.0000 83.0308 -570.0000
v -30.0000 83.0000 -570.0000
v -20.0000 83.0000 -570.0000
v -10.0000 83.0000 -570.0000
v 0.0000 83.0000 -570.0000
v 10.0000 83.0000 -570.0000
v 20.0000 83.0000 -570.0000
v 30.0000 83.0000 -570.0000
v 40.0000 83.0290 -570.0000
v 50.0000 83.1875 -570.0000
v 60.0000 83.8957 -570.0000
v 70.0000 85.6034 -570.0000
v 80.0000 87.9758 -570.0000
vt -8.0000 -45.0000
vt -7.0000 -45.0000
vt -6.0000 -45.0000
vt -5.0000 -45.0000
vt -4.0000 -45.0000
vt -3.0000 -45.0000
vt -2.0000 -45.0000
vt -1.0000 -45.0000
vt 0.0000 -45.0000
vt 1.0000 -45.0000
vt 2.0000 -45.0000
vt 3.0000 -45.0000
vt 4.0000 -45.0000
vt 5.0000 -45.0000
vt 6.0000 -45.0000
vt 7.0000 -45.0000
vt 8.0000 -45.0000
vt -8.0000 -45.1875
vt -7.0000 -45.1875
vt -6.0000 -45.1875
vt -5.0000 -45.1875
vt -4.0000 -45.1875
vt -3.0000 -45.1875
vt -2.0000 -45.1875
vt -1.0000 -45.1875
vt 0.0000 -45.1875
vt 1.0000 -45.1875
vt 2.0000 -45.1875
vt 3.0000 -45.1875
vt 4.0000 -45.1875
vt 5.0000 -45.1875
vt 6.0000 -45.1875
vt 7.0000 -45.1875
vt 8.0000 -45.1875
vt -8.0000 -45.3750
vt -7.0000 -45.3750
vt -6.0000 -45.3750
vt -5.0000 -45.3750
vt -4.0000 -45.3750
vt -3.0000 -45.3750
vt -2.0000 -45.3750
vt -1.0000 -45.3750
vt 0.0000 -45.3750
vt 1.0000 -45.3750
vt 2.0000 -45.3750
vt 3.0000 -45.3750
vt 4.0000 -45.3750
vt 5.0000 -45.3750
vt 6.0000 -45.3750
vt 7.0000 -45.3750
vt 8.0000 -45.3750
vt -8.0000 -45.5625
vt -7.0000 -45.5625
vt -6.0000 -45.5625
vt -5.0000 -45.5625
vt -4.0000 -45.5625
vt -3.0000 -45.5625
vt -2.0000 -45.5625
vt -1.0000 -45.5625
vt 0.0000 -45.5625
vt 1.0000 -45.5625
vt 2.0000 -45.5625
vt 3.0000 -45.5625
vt 4.0000 -45.5625
vt 5.0000 -45.5625
vt 6.0000 -45.5625
vt 7.0000 -45.5625
vt 8.0000 -45.5625
vt -8.0000 -45.7500
vt -7.0000 -45.7500
vt -6.0000 -45.7500
vt -5.0000 -45.7500
vt -4.0000 -45.7500
vt -3.0000 -45.7500
vt -2.0000 -45.7500
vt -1.0000 -45.7500
vt 0.0000 -45.7500
vt 1.0000 -45.7500
vt 2.0000 -45.7500
vt 3.0000 -45.7500
vt 4.0000 -45.7500
vt 5.0000 -45.7500
vt 6.0000 -45.7500
vt 7.0000 -45.7500
vt 8.0000 -45.7500
vt -8.0000 -45.9375
vt -7.0000 -45.9375
vt -6.0000 -45.9375
vt -5.0000 -45.9375
vt -4.0000 -45.9375
vt -3.0000 -45.9375
vt -2.0000 -45.9375
vt -1.0000 -45.9375
vt 0.0000 -45.9375
vt 1.0000 -45.9375
vt 2.0000 -45.9375
vt 3.0000 -45.9375
vt 4.0000 -45.9375
vt 5.0000 -45.9375
vt 6.0000 -45.9375
vt 7.0000 -45.9375
vt 8.0000 -45.9375
vt -8.0000 -46.1250
vt -7.0000 -46.1250
vt -6.0000 -46.1250
vt -5.0000 -46.1250
vt -4.0000 -46.1250
vt -3.0000 -46.1250
vt -2.0000 -46.1250
vt -1.0000 -46.1250
vt 0.0000 -46.1250
vt 1.0000 -46.1250
vt 2.0000 -46.1250
vt 3.0000 -46.1250
vt 4.0000 -46.1250
vt 5.0000 -46.1250
vt 6.0000 -46.1250
vt 7.0000 -46.1250
vt 8.0000 -46.1250
vt -8.0000 -46.3125
vt -7.0000 -46.3125
vt -6.0000 -46.3125
vt -5.0000 -46.3125
vt -4.0000 -46.3125
vt -3.0000 -46.3125
vt -2.0000 -46.3125
vt -1.0000 -46.3125
vt 0.0000 -46.3125
vt 1.0000 -46.3125
vt 2.0000 -46.3125
vt 3.0000 -46.3125
vt 4.0000 -46.3125
vt 5.0000 -46.3125
vt 6.0000 -46.3125
vt 7.0000 -46.3125
vt 8.0000 -46.3125
vt -8.0000 -46.5000
vt -7.0000 -46.5000
vt -6.0000 -46.5000
vt -5.0000 -46.5000
vt -4.0000 -46.5000
vt -3.0000 -46.5000
vt -2.0000 -46.5000
vt -1.0000 -46.5000
vt 0.0000 -46.5000
vt 1.0000 -46.5000
vt 2.0000 -46.5000
vt 3.0000 -46.5000
vt 4.0000 -46.5000
vt 5.0000 -46.5000
vt 6.0000 -46.5000
vt 7.0000 -46.5000
vt 8.0000 -46.5000
vt -8.0000 -46.6875
vt -7.0000 -46.6875
vt -6.0000 -46.6875
vt -5.0000 -46.6875
vt -4.0000 -46.6875
vt -3.0000 -46.6875
vt -2.0000 -46.6875
vt -1.0000 -46.6875
vt 0.0000 -46.6875
vt 1.0000 -46.6875
vt 2.0000 -46.6875
vt 3.0000 -46.6875
vt 4.0000 -46.6875
vt 5.0000 -46.6875
vt 6.0000 -46.6875
vt 7.0000 -46.6875
vt 8.0000 -46.6875
vt -8.0000 -46.8750
vt -7.0000 -46.8750
vt -6.0000 -46.8750
vt -5.0000 -46.8750
vt -4.0000 -46.8750
vt -3.0000 -46.8750
vt -2.0000 -46.8750
vt -1.0000 -46.8750
vt 0.0000 -46.8750
vt 1.0000 -46.8750
vt 2.0000 -46.8750
vt 3.0000 -46.8750
vt 4.0000 -46.8750
vt 5.0000 -46.8750
vt 6.0000 -46.8750
vt 7.0000 -46.8750
vt 8.0000 -46.8750
vt -8.0000 -47.0625
vt -7.0000 -47.0625
vt -6.0000 -47.0625
vt -5.0000 -47.0625
vt -4.0000 -47.0625
vt -3.0000 -47.0625
vt -2.0000 -47.0625
vt -1.0000 -47.0625
vt 0.0000 -47.0625
vt 1.0000 -47.0625
vt 2.0000 -47.0625
vt 3.0000 -47.0625
vt 4.0000 -47.0625
vt 5.0000 -47.0625
vt 6.0000 -47.0625
vt 7.0000 -47.0625
vt 8.0000 -47.0625
vt -8.0000 -47.2500
vt -7.0000 -47.2500
vt -6.0000 -47.2500
vt -5.0000 -47.2500
vt -4.0000 -47.2500
vt -3.0000 -47.2500
vt -2.0000 -47.2500
vt -1.0000 -47.2500
vt 0.0000 -47.2500
vt 1.0000 -47.2500
vt 2.0000 -47.2500
vt 3.0000 -47.2500
vt 4.0000 -47.2500
vt 5.0000 -47.2500
vt 6.0000 -47.2500
vt 7.0000 -47.2500
vt 8.0000 -47.2500
vt -8.0000 -47.4375
vt -7.0000 -47.4375
vt -6.0000 -47.4375
vt -5.0000 -47.4375
vt -4.0000 -47.4375
vt -3.0000 -47.4375
vt -2.0000 -47.4375
vt -1.0000 -47.4375
vt 0.0000 -47.4375
vt 1.0000 -47.4375
vt 2.0000 -47.4375
vt 3.0000 -47.4375
vt 4.0000 -47.4375
vt 5.0000 -47.4375
vt 6.0000 -47.4375
vt 7.0000 -47.4375
vt 8.0000 -47.4375
vt -8.0000 -47.6250
vt -7.0000 -47.6250
vt -6.0000 -47.6250
vt -5.0000 -47.6250
vt -4.0000 -47.6250
vt -3.0000 -47.6250
vt -2.0000 -47.6250
vt -1.0000 -47.6250
vt 0.0000 -47.6250
vt 1.0000 -47.6250
vt 2.0000 -47.6250
vt 3.0000 -47.6250
vt 4.0000 -47.6250
vt 5.0000 -47.6250
vt 6.0000 -47.6250
vt 7.0000 -47.6250
vt 8.0000 -47.6250
vt -8.0000 -47.8125
vt -7.0000 -47.8125
vt -6.0000 -47.8125
vt -5.0000 -47.8125
vt -4.0000 -47.8125
vt -3.0000 -47.8125
vt -2.0000 -47.8125
vt -1.0000 -47.8125
vt 0.0000 -47.8125
vt 1.0000 -47.8125
vt 2.0000 -47.8125
vt 3.0000 -47.8125
vt 4.0000 -47.8125
vt 5.0000 -47.8125
vt 6.0000 -47.8125
vt 7.0000 -47.8125
vt 8.0000 -47.8125
vt -8.0000 -48.0000
vt -7.0000 -48.0000
vt -6.0000 -48.0000
vt -5.0000 -48.0000
vt -4.0000 -48.0000
vt -3.0000 -48.0000
vt -2.0000 -48.0000
vt -1.0000 -48.0000
vt 0.0000 -48.0000
vt 1.0000 -48.0000
vt 2.0000 -48.0000
vt 3.0000 -48.0000
vt 4.0000 -48.0000
vt 5.0000 -48.0000
vt 6.0000 -48.0000
vt 7.0000 -48.0000
vt 8.0000 -48.0000
vt -8.0000 -48.1875
vt -7.0000 -48.1875
vt -6.0000 -48.1875
vt -5.0000 -48.1875
vt -4.0000 -48.1875
vt -3.0000 -48.1875
vt -2.0000 -48.1875
vt -1.0000 -48.1875
vt 0.0000 -48.1875
vt 1.0000 -48.1875
vt 2.0000 -48.1875
vt 3.0000 -48.1875
vt 4.0000 -48.1875
vt 5.0000 -48.1875
vt 6.0000 -48.1875
vt 7.0000 -48.1875
vt 8.0000 -48.1875
vt -8.0000 -48.3750
vt -7.0000 -48.3750
vt -6.0000 -48.3750
vt -5.0000 -48.3750
vt -4.0000 -48.3750
vt -3.0000 -48.3750
vt -2.0000 -48.3750
vt -1.0000 -48.3750
vt 0.0000 -48.3750
vt 1.0000 -48.3750
vt 2.0000 -48.3750
vt 3.0000 -48.3750
vt 4.0000 -48.3750
vt 5.0000 -48.3750
vt 6.0000 -48.3750
vt 7.0000 -48.3750
vt 8.0000 -48.3750
vt -8.0000 -48.5625
vt -7.0000 -48.5625
vt -6.0000 -48.5625
vt -5.0000 -48.5625
vt -4.0000 -48.5625
vt -3.0000 -48.5625
vt -2.0000 -48.5625
vt -1.0000 -48.5625
vt 0.0000 -48.5625
vt 1.0000 -48.5625
vt 2.0000 -48.5625
vt 3.0000 -48.5625
vt 4.0000 -48.5625
vt 5.0000 -48.5625
vt 6.0000 -48.5625
vt 7.0000 -48.5625
vt 8.0000 -48.5625
vt -8.0000 -48.7500
vt -7.0000 -48.7500
vt -6.0000 -48.7500
vt -5.0000 -48.7500
vt -4.0000 -48.7500
vt -3.0000 -48.7500
vt -2.0000 -48.7500
vt -1.0000 -48.7500
vt 0.0000 -48.7500
vt 1.0000 -48.7500
vt 2.0000 -48.7500
vt 3.0000 -48.7500
vt 4.0000 -48.7500
vt 5.0000 -48.7500
vt 6.0000 -48.7500
vt 7.0000 -48.7500
vt 8.0000 -48.7500
vt -8.0000 -48.9375
vt -7.0000 -48.9375
vt -6.0000 -48.9375
vt -5.0000 -48.9375
vt -4.0000 -48.9375
vt -3.0000 -48.9375
vt -2.0000 -48.9375
vt -1.0000 -48.9375
vt 0.0000 -48.9375
vt 1.0000 -48.9375
vt 2.0000 -48.9375
vt 3.0000 -48.9375
vt 4.0000 -48.9375
vt 5.0000 -48.9375
vt 6.0000 -48.9375
vt 7.0000 -48.9375
vt 8.0000 -48.9375
vt -8.0000 -49.1250
vt -7.0000 -49.1250
vt -6.0000 -49.1250
vt -5.0000 -49.1250
vt -4.0000 -49.1250
vt -3.0000 -49.1250
vt -2.0000 -49.1250
vt -1.0000 -49.1250
vt 0.0000 -49.1250
vt 1.0000 -49.1250
vt 2.0000 -49.1250
vt 3.0000 -49.1250
vt 4.0000 -49.1250
vt 5.0000 -49.1250
vt 6.0000 -49.1250
vt 7.0000 -49.1250
vt 8.0000 -49.1250
vt -8.0000 -49.3125
vt -7.0000 -49.3125
vt -6.0000 -49.3125
vt -5.0000 -49.3125
vt -4.0000 -49.3125
vt -3.0000 -49.3125
vt -2.0000 -49.3125
vt -1.0000 -49.3125
vt 0.0000 -49.3125
vt 1.0000 -49.3125
vt 2.0000 -49.3125
vt 3.0000 -49.3125
vt 4.0000 -49.3125
vt 5.0000 -49.3125
vt 6.0000 -49.3125
vt 7.0000 -49.3125
vt 8.0000 -49.3125
vt -8.0000 -49.5000
vt -7.0000 -49.5000
vt -6.0000 -49.5000
vt -5.0000 -49.5000
vt -4.0000 -49.5000
vt -3.0000 -49.5000
vt -2.0000 -49.5000
vt -1.0000 -49.5000
vt 0.0000 -49.5000
vt 1.0000 -49.5000
vt 2.0000 -49.5000
vt 3.0000 -49.5000
vt 4.0000 -49.5000
vt 5.0000 -49.5000
vt 6.0000 -49.5000
vt 7.0000 -49.5000
vt 8.0000 -49.5000
vt -8.0000 -49.6875
vt -7.0000 -49.6875
vt -6.0000 -49.6875
vt -5.0000 -49.6875
vt -4.0000 -49.6875
vt -3.0000 -49.6875
vt -2.0000 -49.6875
vt -1.0000 -49.6875
vt 0.0000 -49.6875
vt 1.0000 -49.6875
vt 2.0000 -49.6875
vt 3.0000 -49.6875
vt 4.0000 -49.6875
vt 5.0000 -49.6875
vt 6.0000 -49.6875
vt 7.0000 -49.6875
vt 8.0000 -49.6875
vt -8.0000 -49.8750
vt -7.0000 -49.8750
vt -6.0000 -49.8750
vt -5.0000 -49.8750
vt -4.0000 -49.8750
vt -3.0000 -49.8750
vt -2.0000 -49.8750
vt -1.0000 -49.8750
vt 0.0000 -49.8750
vt 1.0000 -49.8750
vt 2.0000 -49.8750
vt 3.0000 -49.8750
vt 4.0000 -49.8750
vt 5.0000 -49.8750
vt 6.0000 -49.8750
vt 7.0000 -49.8750
vt 8.0000 -49.8750
vt -8.0000 -50.0625
vt -7.0000 -50.0625
vt -6.0000 -50.0625
vt -5.0000 -50.0625
vt -4.0000 -50.0625
vt -3.0000 -50.0625
vt -2.0000 -50.0625
vt -1.0000 -50.0625
vt 0.0000 -50.0625
vt 1.0000 -50.0625
vt 2.0000 -50.0625
vt 3.0000 -50.0625
vt 4.0000 -50.0625
vt 5.0000 -50.0625
vt 6.0000 -50.0625
vt 7.0000 -50.0625
vt 8.0000 -50.0625
vt -8.0000 -50.2500
vt -7.0000 -50.2500
vt -6.0000 -50.2500
vt -5.0000 -50.2500
vt -4.0000 -50.2500
vt -3.0000 -50.2500
vt -2.0000 -50.2500
vt -1.0000 -50.2500
vt 0.0000 -50.2500
vt 1.0000 -50.2500
vt 2.0000 -50.2500
vt 3.0000 -50.2500
vt 4.0000 -50.2500
vt 5.0000 -50.2500
vt 6.0000 -50.2500
vt 7.0000 -50.2500
vt 8.0000 -50.2500
vt -8.0000 -50.4375
vt -7.0000 -50.4375
vt -6.0000 -50.4375
vt -5.0000 -50.4375
vt -4.0000 -50.4375
vt -3.0000 -50.4375
vt -2.0000 -50.4375
vt -1.0000 -50.4375
vt 0.0000 -50.4375
vt 1.0000 -50.4375
vt 2.0000 -50.4375
vt 3.0000 -50.4375
vt 4.0000 -50.4375
vt 5.0000 -50.4375
vt 6.0000 -50.4375
vt 7.0000 -50.4375
vt 8.0000 -50.4375
vt -8.0000 -50.6250
vt -7.0000 -50.6250
vt -6.0000 -50.6250
vt -5.0000 -50.6250
vt -4.0000 -50.6250
vt -3.0000 -50.6250
vt -2.0000 -50.6250
vt -1.0000 -50.6250
vt 0.0000 -50.6250
vt 1.0000 -50.6250
vt 2.0000 -50.6250
vt 3.0000 -50.6250
vt 4.0000 -50.6250
vt 5.0000 -50.6250
vt 6.0000 -50.6250
vt 7.0000 -50.6250
vt 8.0000 -50.6250
vt -8.0000 -50.8125
vt -7.0000 -50.8125
vt -6.0000 -50.8125
vt -5.0000 -50.8125
vt -4.0000 -50.8125
vt -3.0000 -50.8125
vt -2.0000 -50.8125
vt -1.0000 -50.8125
vt 0.0000 -50.8125
vt 1.0000 -50.8125
vt 2.0000 -50.8125
vt 3.0000 -50.8125
vt 4.0000 -50.8125
vt 5.0000 -50.8125
vt 6.0000 -50.8125
vt 7.0000 -50.8125
vt 8.0000 -50.8125
vt -8.0000 -51.0000
vt -7.0000 -51.0000
vt -6.0000 -51.0000
vt -5.0000 -51.0000
vt -4.0000 -51.0000
vt -3.0000 -51.0000
vt -2.0000 -51.0000
vt -1.0000 -51.0000
vt 0.0000 -51.0000
vt 1.0000 -51.0000
vt 2.0000 -51.0000
vt 3.0000 -51.0000
vt 4.0000 -51.0000
vt 5.0000 -51.0000
vt 6.0000 -51.0000
vt 7.0000 -51.0000
vt 8.0000 -51.0000
vt -8.0000 -51.1875
vt -7.0000 -51.1875
vt -6.0000 -51.1875
vt -5.0000 -51.1875
vt -4.0000 -51.1875
vt -3.0000 -51.1875
vt -2.0000 -51.1875
vt -1.0000 -51.1875
vt 0.0000 -51.1875
vt 1.0000 -51.1875
vt 2.0000 -51.1875
vt 3.0000 -51.1875
vt 4.0000 -51.1875
vt 5.0000 -51.1875
vt 6.0000 -51.1875
vt 7.0000 -51.1875
vt 8.0000 -51.1875
vt -8.0000 -51.3750
vt -7.0000 -51.3750
vt -6.0000 -51.3750
vt -5.0000 -51.3750
vt -4.0000 -51.3750
vt -3.0000 -51.3750
vt -2.0000 -51.3750
vt -1.0000 -51.3750
vt 0.0000 -51.3750
vt 1.0000 -51.3750
vt 2.0000 -51.3750
vt 3.0000 -51.3750
vt 4.0000 -51.3750
vt 5.0000 -51.3750
vt 6.0000 -51.3750
vt 7.0000 -51.3750
vt 8.0000 -51.3750
vt -8.0000 -51.5625
vt -7.0000 -51.5625
vt -6.0000 -51.5625
vt -5.0000 -51.5625
vt -4.0000 -51.5625
vt -3.0000 -51.5625
vt -2.0000 -51.5625
vt -1.0000 -51.5625
vt 0.0000 -51.5625
vt 1.0000 -51.5625
vt 2.0000 -51.5625
vt 3.0000 -51.5625
vt 4.0000 -51.5625
vt 5.0000 -51.5625
vt 6.0000 -51.5625
vt 7.0000 -51.5625
vt 8.0000 -51.5625
vt -8.0000 -51.7500
vt -7.0000 -51.7500
vt -6.0000 -51.7500
vt -5.0000 -51.7500
vt -4.0000 -51.7500
vt -3.0000 -51.7500
vt -2.0000 -51.7500
vt -1.0000 -51.7500
vt 0.0000 -51.7500
vt 1.0000 -51.7500
vt 2.0000 -51.7500
vt 3.0000 -51.7500
vt 4.0000 -51.7500
vt 5.0000 -51.7500
vt 6.0000 -51.7500
vt 7.0000 -51.7500
vt 8.0000 -51.7500
vt -8.0000 -51.9375
vt -7.0000 -51.9375
vt -6.0000 -51.9375
vt -5.0000 -51.9375
vt -4.0000 -51.9375
vt -3.0000 -51.9375
vt -2.0000 -51.9375
vt -1.0000 -51.9375
vt 0.0000 -51.9375
vt 1.0000 -51.9375
vt 2.0000 -51.9375
vt 3.0000 -51.9375
vt 4.0000 -51.9375
vt 5.0000 -51.9375
vt 6.0000 -51.9375
vt 7.0000 -51.9375
vt 8.0000 -51.9375
vt -8.0000 -52.1250
vt -7.0000 -52.1250
vt -6.0000 -52.1250
vt -5.0000 -52.1250
vt -4.0000 -52.1250
vt -3.0000 -52.1250
vt -2.0000 -52.1250
vt -1.0000 -52.1250
vt 0.0000 -52.1250
vt 1.0000 -52.1250
vt 2.0000 -52.1250
vt 3.0000 -52.1250
vt 4.0000 -52.1250
vt 5.0000 -52.1250
vt 6.0000 -52.1250
vt 7.0000 -52.1250
vt 8.0000 -52.1250
vt -8.0000 -52.3125
vt -7.0000 -52.3125
vt -6.0000 -52.3125
vt -5.0000 -52.3125
vt -4.0000 -52.3125
vt -3.0000 -52.3125
vt -2.0000 -52.3125
vt -1.0000 -52.3125
vt 0.0000 -52.3125
vt 1.0000 -52.3125
vt 2.0000 -52.3125
vt 3.0000 -52.3125
vt 4.0000 -52.3125
vt 5.0000 -52.3125
vt 6.0000 -52.3125
vt 7.0000 -52.3125
vt 8.0000 -52.3125
vt -8.0000 -52.5000
vt -7.0000 -52.5000
vt -6.0000 -52.5000
vt -5.0000 -52.5000
vt -4.0000 -52.5000
vt -3.0000 -52.5000
vt -2.0000 -52.5000
vt -1.0000 -52.5000
vt 0.0000 -52.5000
vt 1.0000 -52.5000
vt 2.0000 -52.5000
vt 3.0000 -52.5000
vt 4.0000 -52.5000
vt 5.0000 -52.5000
vt 6.0000 -52.5000
vt 7.0000 -52.5000
vt 8.0000 -52.5000
vt -8.0000 -52.6875
vt -7.0000 -52.6875
vt -6.0000 -52.6875
vt -5.0000 -52.6875
vt -4.0000 -52.6875
vt -3.0000 -52.6875
vt -2.0000 -52.6875
vt -1.0000 -52.6875
vt 0.0000 -52.6875
vt 1.0000 -52.6875
vt 2.0000 -52.6875
vt 3.0000 -52.6875
vt 4.0000 -52.6875
vt 5.0000 -52.6875
vt 6.0000 -52.6875
vt 7.0000 -52.6875
vt 8.0000 -52.6875
vt -8.0000 -52.8750
vt -7.0000 -52.8750
vt -6.0000 -52.8750
vt -5.0000 -52.8750
vt -4.0000 -52.8750
vt -3.0000 -52.8750
vt -2.0000 -52.8750
vt -1.0000 -52.8750
vt 0.0000 -52.8750
vt 1.0000 -52.8750
vt 2.0000 -52.8750
vt 3.0000 -52.8750
vt 4.0000 -52.8750
vt 5.0000 -52.8750
vt 6.0000 -52.8750
vt 7.0000 -52.8750
vt 8.0000 -52.8750
vt -8.0000 -53.0625
vt -7.0000 -53.0625
vt -6.0000 -53.0625
vt -5.0000 -53.0625
vt -4.0000 -53.0625
vt -3.0000 -53.0625
vt -2.0000 -53.0625
vt -1.0000 -53.0625
vt 0.0000 -53.0625
vt 1.0000 -53.0625
vt 2.0000 -53.0625
vt 3.0000 -53.0625
vt 4.0000 -53.0625
vt 5.0000 -53.0625
vt 6.0000 -53.0625
vt 7.0000 -53.0625
vt 8.0000 -53.0625
vt -8.0000 -53.2500
vt -7.0000 -53.2500
vt -6.0000 -53.2500
vt -5.0000 -53.2500
vt -4.0000 -53.2500
vt -3.0000 -53.2500
vt -2.0000 -53.2500
vt -1.0000 -53.2500
vt 0.0000 -53.2500
vt 1.0000 -53.2500
vt 2.0000 -53.2500
vt 3.0000 -53.2500
vt 4.0000 -53.2500
vt 5.0000 -53.2500
vt 6.0000 -53.2500
vt 7.0000 -53.2500
vt 8.0000 -53.2500
vt -8.0000 -53.4375
vt -7.0000 -53.4375
vt -6.0000 -53.4375
vt -5.0000 -53.4375
vt -4.0000 -53.4375
vt -3.0000 -53.4375
vt -2.0000 -53.4375
vt -1.0000 -53.4375
vt 0.0000 -53.4375
vt 1.0000 -53.4375
vt 2.0000 -53.4375
vt 3.0000 -53.4375
vt 4.0000 -53.4375
vt 5.0000 -53.4375
vt 6.0000 -53.4375
vt 7.0000 -53.4375
vt 8.0000 -53.4375
vt -8.0000 -53.6250
vt -7.0000 -53.6250
vt -6.0000 -53.6250
vt -5.0000 -53.6250
vt -4.0000 -53.6250
vt -3.0000 -53.6250
vt -2.0000 -53.6250
vt -1.0000 -53.6250
vt 0.0000 -53.6250
vt 1.0000 -53.6250
vt 2.0000 -53.6250
vt 3.0000 -53.6250
vt 4.0000 -53.6250
vt 5.0000 -53.6250
vt 6.0000 -53.6250
vt 7.0000 -53.6250
vt 8.0000 -53.6250
vt -8.0000 -53.8125
vt -7.0000 -53.8125
vt -6.0000 -53.8125
vt -5.0000 -53.8125
vt -4.0000 -53.8125
vt -3.0000 -53.8125
vt -2.0000 -53.8125
vt -1.0000 -53.8125
vt 0.0000 -53.8125
vt 1.0000 -53.8125
vt 2.0000 -53.8125
vt 3.0000 -53.8125
vt 4.0000 -53.8125
vt 5.0000 -53.8125
vt 6.0000 -53.8125
vt 7.0000 -53.8125
vt 8.0000 -53.8125
vt -8.0000 -54.0000
vt -7.0000 -54.0000
vt -6.0000 -54.0000
vt -5.0000 -54.0000
vt -4.0000 -54.0000
vt -3.0000 -54.0000
vt -2.0000 -54.0000
vt -1.0000 -54.0000
vt 0.0000 -54.0000
vt 1.0000 -54.0000
vt 2.0000 -54.0000
vt 3.0000 -54.0000
vt 4.0000 -54.0000
vt 5.0000 -54.0000
vt 6.0000 -54.0000
vt 7.0000 -54.0000
vt 8.0000 -54.0000
vt -8.0000 -54.1875
vt -7.0000 -54.1875
vt -6.0000 -54.1875
vt -5.0000 -54.1875
vt -4.0000 -54.1875
vt -3.0000 -54.1875
vt -2.0000 -54.1875
vt -1.0000 -54.1875
vt 0.0000 -54.1875
vt 1.0000 -54.1875
vt 2.0000 -54.1875
vt 3.0000 -54.1875
vt 4.0000 -54.1875
vt 5.0000 -54.1875
vt 6.0000 -54.1875
vt 7.0000 -54.1875
vt 8.0000 -54.1875
vt -8.0000 -54.3750
vt -7.0000 -54.3750
vt -6.0000 -54.3750
vt -5.0000 -54.3750
vt -4.0000 -54.3750
vt -3.0000 -54.3750
vt -2.0000 -54.3750
vt -1.0000 -54.3750
vt 0.0000 -54.3750
vt 1.0000 -54.3750
vt 2.0000 -54.3750
vt 3.0000 -54.3750
vt 4.0000 -54.3750
vt 5.0000 -54.3750
vt 6.0000 -54.3750
vt 7.0000 -54.3750
vt 8.0000 -54.3750
vt -8.0000 -54.5625
vt -7.0000 -54.5625
vt -6.0000 -54.5625
vt -5.0000 -54.5625
vt -4.0000 -54.5625
vt -3.0000 -54.5625
vt -2.0000 -54.5625
vt -1.0000 -54.5625
vt 0.0000 -54.5625
vt 1.0000 -54.5625
vt 2.0000 -54.5625
vt 3.0000 -54.5625
vt 4.0000 -54.5625
vt 5.0000 -54.5625
vt 6.0000 -54.5625
vt 7.0000 -54.5625
vt 8.0000 -54.5625
vt -8.0000 -54.7500
vt -7.0000 -54.7500
vt -6.0000 -54.7500
vt -5.0000 -54.7500
vt -4.0000 -54.7500
vt -3.0000 -54.7500
vt -2.0000 -54.7500
vt -1.0000 -54.7500
vt 0.0000 -54.7500
vt 1.0000 -54.7500
vt 2.0000 -54.7500
vt 3.0000 -54.7500
vt 4.0000 -54.7500
vt 5.0000 -54.7500
vt 6.0000 -54.7500
vt 7.0000 -54.7500
vt 8.0000 -54.7500
vt -8.0000 -54.9375
vt -7.0000 -54.9375
vt -6.0000 -54.9375
vt -5.0000 -54.9375
vt -4.0000 -54.9375
vt -3.0000 -54.9375
vt -2.0000 -54.9375
vt -1.0000 -54.9375
vt 0.0000 -54.9375
vt 1.0000 -54.9375
vt 2.0000 -54.9375
vt 3.0000 -54.9375
vt 4.0000 -54.9375
vt 5.0000 -54.9375
vt 6.0000 -54.9375
vt 7.0000 -54.9375
vt 8.0000 -54.9375
vt -8.0000 -55.1250
vt -7.0000 -55.1250
vt -6.0000 -55.1250
vt -5.0000 -55.1250
vt -4.0000 -55.1250
vt -3.0000 -55.1250
vt -2.0000 -55.1250
vt -1.0000 -55.1250
vt 0.0000 -55.1250
vt 1.0000 -55.1250
vt 2.0000 -55.1250
vt 3.0000 -55.1250
vt 4.0000 -55.1250
vt 5.0000 -55.1250
vt 6.0000 -55.1250
vt 7.0000 -55.1250
vt 8.0000 -55.1250
vt -8.0000 -55.3125
vt -7.0000 -55.3125
vt -6.0000 -55.3125
vt -5.0000 -55.3125
vt -4.0000 -55.3125
vt -3.0000 -55.3125
vt -2.0000 -55.3125
vt -1.0000 -55.3125
vt 0.0000 -55.3125
vt 1.0000 -55.3125
vt 2.0000 -55.3125
vt 3.0000 -55.3125
vt 4.0000 -55.3125
vt 5.0000 -55.3125
vt 6.0000 -55.3125
vt 7.0000 -55.3125
vt 8.0000 -55.3125
vt -8.0000 -55.5000
vt -7.0000 -55.5000
vt -6.0000 -55.5000
vt -5.0000 -55.5000
vt -4.0000 -55.5000
vt -3.0000 -55.5000
vt -2.0000 -55.5000
vt -1.0000 -55.5000
vt 0.0000 -55.5000
vt 1.0000 -55.5000
vt 2.0000 -55.5000
vt 3.0000 -55.5000
vt 4.0000 -55.5000
vt 5.0000 -55.5000
vt 6.0000 -55.5000
vt 7.0000 -55.5000
vt 8.0000 -55.5000
vt -8.0000 -55.6875
vt -7.0000 -55.6875
vt -6.0000 -55.6875
vt -5.0000 -55.6875
vt -4.0000 -55.6875
vt -3.0000 -55.6875
vt -2.0000 -55.6875
vt -1.0000 -55.6875
vt 0.0000 -55.6875
vt 1.0000 -55.6875
vt 2.0000 -55.6875
vt 3.0000 -55.6875
vt 4.0000 -55.6875
vt 5.0000 -55.6875
vt 6.0000 -55.6875
vt 7.0000 -55.6875
vt 8.0000 -55.6875
vt -8.0000 -55.8750
vt -7.0000 -55.8750
vt -6.0000 -55.8750
vt -5.0000 -55.8750
vt -4.0000 -55.8750
vt -3.0000 -55.8750
vt -2.0000 -55.8750
vt -1.0000 -55.8750
vt 0.0000 -55.8750
vt 1.0000 -55.8750
vt 2.0000 -55.8750
vt 3.0000 -55.8750
vt 4.0000 -55.8750
vt 5.0000 -55.8750
vt 6.0000 -55.8750
vt 7.0000 -55.8750
vt 8.0000 -55.8750
vt -8.0000 -56.0625
vt -7.0000 -56.0625
vt -6.0000 -56.0625
vt -5.0000 -56.0625
vt -4.0000 -56.0625
vt -3.0000 -56.0625
vt -2.0000 -56.0625
vt -1.0000 -56.0625
vt 0.0000 -56.0625
vt 1.0000 -56.0625
vt 2.0000 -56.0625
vt 3.0000 -56.0625
vt 4.0000 -56.0625
vt 5.0000 -56.0625
vt 6.0000 -56.0625
vt 7.0000 -56.0625
vt 8.0000 -56.0625
vt -8.0000 -56.2500
vt -7.0000 -56.2500
vt -6.0000 -56.2500
vt -5.0000 -56.2500
vt -4.0000 -56.2500
vt -3.0000 -56.2500
vt -2.0000 -56.2500
vt -1.0000 -56.2500
vt 0.0000 -56.2500
vt 1.0000 -56.2500
vt 2.0000 -56.2500
vt 3.0000 -56.2500
vt 4.0000 -56.2500
vt 5.0000 -56.2500
vt 6.0000 -56.2500
vt 7.0000 -56.2500
vt 8.0000 -56.2500
vt -8.0000 -56.4375
vt -7.0000 -56.4375
vt -6.0000 -56.4375
vt -5.0000 -56.4375
vt -4.0000 -56.4375
vt -3.0000 -56.4375
vt -2.0000 -56.4375
vt -1.0000 -56.4375
vt 0.0000 -56.4375
vt 1.0000 -56.4375
vt 2.0000 -56.4375
vt 3.0000 -56.4375
vt 4.0000 -56.4375
vt 5.0000 -56.4375
vt 6.0000 -56.4375
vt 7.0000 -56.4375
vt 8.0000 -56.4375
vt -8.0000 -56.6250
vt -7.0000 -56.6250
vt -6.0000 -56.6250
vt -5.0000 -56.6250
vt -4.0000 -56.6250
vt -3.0000 -56.6250
vt -2.0000 -56.6250
vt -1.0000 -56.6250
vt 0.0000 -56.6250
vt 1.0000 -56.6250
vt 2.0000 -56.6250
vt 3.0000 -56.6250
vt 4.0000 -56.6250
vt 5.0000 -56.6250
vt 6.0000 -56.6250
vt 7.0000 -56.6250
vt 8.0000 -56.6250
vt -8.0000 -56.8125
vt -7.0000 -56.8125
vt -6.0000 -56.8125
vt -5.0000 -56.8125
vt -4.0000 -56.8125
vt -3.0000 -56.8125
vt -2.0000 -56.8125
vt -1.0000 -56.8125
vt 0.0000 -56.8125
vt 1.0000 -56.8125
vt 2.0000 -56.8125
vt 3.0000 -56.8125
vt 4.0000 -56.8125
vt 5.0000 -56.8125
vt 6.0000 -56.8125
vt 7.0000 -56.8125
vt 8.0000 -56.8125
vt -8.0000 -57.0000
vt -7.0000 -57.0000
vt -6.0000 -57.0000
vt -5.0000 -57.0000
vt -4.0000 -57.0000
vt -3.0000 -57.0000
vt -2.0000 -57.0000
vt -1.0000 -57.0000
vt 0.0000 -57.0000
vt 1.0000 -57.0000
vt 2.0000 -57.0000
vt 3.0000 -57.0000
vt 4.0000 -57.0000
vt 5.0000 -57.0000
vt 6.0000 -57.0000
vt 7.0000 -57.0000
vt 8.0000 -57.0000
f 1/1 2/2 18/18
f 2/2 19/19 18/18
f 2/2 3/3 19/19
f 3/3 20/20 19/19
f 3/3 4/4 20/20
f 4/4 21/21 20/20
f 4/4 5/5 21/21
f 5/5 22/22 21/21
f 5/5 6/6 22/22
f 6/6 23/23 22/22
f 6/6 7/7 23/23
f 7/7 24/24 23/23
f 7/7 8/8 24/24
f 8/8 25/25 24/24
f 8/8 9/9 25/25
f 9/9 26/26 25/25
f 9/9 10/10 26/26
f 10/10 27/27 26/26
f 10/10 11/11 27/27
f 11/11 28/28 27/27
f 11/11 12/12 28/28
f 12/12 29/29 28/28
f 12/12 13/13 29/29
f 13/13 30/30 29/29
f 13/13 14/14 30/30
f 14/14 31/31 30/30
f 14/14 15/15 31/31
f 15/15 32/32 31/31
f 15/15 16/16 32/32
f 16/16 33/33 32/32
f 16/16 17/17 33/33
f 17/17 34/34 33/33
f 18/18 19/19 35/35
f 19/19 36/36 35/35
f 19/19 20/20 36/36
f 20/20 37/37 36/36
f 20/20 21/21 37/37
f 21/21 38/38 37/37
f 21/21 22/22 38/38
f 22/22 39/39 38/38
f 22/22 23/23 39/39
f 23/23 40/40 39/39
f 23/23 24/24 40/40
f 24/24 41/41 40/40
f 24/24 25/25 41/41
f 25/25 42/42 41/41
f 25/25 26/26 42/42
f 26/26 43/43 42/42
f 26/26 27/27 43/43
f 27/27 44/44 43/43
f 27/27 28/28 44/44
f 28/28 45/45 44/44
f 28/28 29/29 45/45
f 29/29 46/46 45/45
f 29/29 30/30 46/46
f 30/30 47/47 46/46
f 30/30 31/31 47/47
f 31/31 48/48 47/47
f 31/31 32/32 48/48
f 32/32 49/49 48/48
f 32/32 33/33 49/49
f 33/33 50/50 49/49
f 33/33 34/34 50/50
f 34/34 51/51 50/50
f 35/35 36/36 52/52
f 36/36 53/53 52/52
f 36/36 37/37 53/53
f 37/37 54/54 53/53
f 37/37 38/38 54/54
f 38/38 55/55 54/54
f 38/38 39/39 55/55
f 39/39 56/56 55/55
f 39/39 40/40 56/56
f 40/40 57/57 56/56
f 40/40 41/41 57/57
f 41/41 58/58 57/57
f 41/41 42/42 58/58
f 42/42 59/59 58/58
f 42/42 43/43 59/59
f 43/43 60/60 59/59
f 43/43 44/44 60/60
f 44/44 61/61 60/60
f 44/44 45/45 61/61
f 45/45 62/62 61/61
f 45/45 46/46 62/62
f 46/46 63/63 62/62
f 46/46 47/47 63/63
f 47/47 64/64 63/63
f 47/47 48/48 64/64
f 48/48 65/65 64/64
f 48/48 49/49 65/65
f 49/49 66/66 65/65
f 49/49 50/50 66/66
f 50/50 67/67 66/66
f 50/50 51/51 67/67
f 51/51 68/68 67/67
f 52/52 53/53 69/69
f 53/53 70/70 69/69
f 53/53 54/54 70/70
f 54/54 71/71 70/70
f 54/54 55/55 71/71
f 55/55 72/72 71/71
f 55/55 56/56 72/72
f 56/56 73/73 72/72
f 56/56 57/57 73/73
f 57/57 74/74 73/73
f 57/57 58/58 74/74
f 58/58 75/75 74/74
f 58/58 59/59 75/75
f 59/59 76/76 75/75
f 59/59 60/60 76/76
f 60/60 77/77 76/76
f 60/60 61/61 77/77
f 61/61 78/78 77/77
f 61/61 62/62 78/78
f 62/62 79/79 78/78
f 62/62 63/63 79/79
f 63/63 80/80 79/79
f 63/63 64/64 80/80
f 64/64 81/81 80/80
f 64/64 65/65 81/81
f 65/65 82/82 81/81
f 65/65 66/66 82/82
f 66/66 83/83 82/82
f 66/66 67/67 83/83
f 67/67 84/84 83/83
f 67/67 68/68 84/84
f 68/68 85/85 84/84
f 69/69 70/70 86/86
f 70/70 87/87 86/86
f 70/70 71/71 87/87
f 71/71 88/88 87/87
f 71/71 72/72 88/88
f 72/72 89/89 88/88
f 72/72 73/73 89/89
f 73/73 90/90 89/89
f 73/73 74/74 90/90
f 74/74 91/91 90/90
f 74/74 75/75 91/91
f 75/75 92/92 91/91
f 75/75 76/76 92/92
f 76/76 93/93 92/92
f 76/76 77/77 93/93
f 77/77 94/94 93/93
f 77/77 78/78 94/94
f 78/78 95/95 94/94
f 78/78 79/79 95/95
f 79/79 96/96 95/95
f 79/79 80/80 96/96
f 80/80 97/97 96/96
f 80/80 81/81 97/97
f 81/81 98/98 97/97
f 81/81 82/82 98/98
f 82/82 99/99 98/98
f 82/82 83/83 99/99
f 83/83 100/100 99/99
f 83/83 84/84 100/100
f 84/84 101/101 100/100
f 84/84 85/85 101/101
f 85/85 102/102 101/101
f 86/86 87/87 103/103
f 87/87 104/104 103/103
f 87/87 88/88 104/104
f 88/88 105/105 104/104
f 88/88 89/89 105/105
f 89/89 106/106 105/105
f 89/89 90/90 106/106
f 90/90 107/107 106/106
f 90/90 91/91 107/107
f 91/91 108/108 107/107
f 91/91 92/92 108/108
f 92/92 109/109 108/108
f 92/92 93/93 109/109
f 93/93 110/110 109/109
f 93/93 94/94 110/110
f 94/94 111/111 110/110
f 94/94 95/95 111/111
f 95/95 112/112 111/111
f 95/95 96/96 112/112
f 96/96 113/113 112/112
f 96/96 97/97 113/113
f 97/97 114/114 113/113
f 97/97 98/98 114/114
f 98/98 115/115 114/114
f 98/98 99/99 115/115
f 99/99 116/116 115/115
f 99/99 100/100 116/116
f 100/100 117/117 116/116
f 100/100 101/101 117/117
f 101/101 118/118 117/117
f 101/101 102/102 118/118
f 102/102 119/119 118/118
f 103/103 104/104 120/120
f 104/104 121/121 120/120
f 104/104 105/105 121/121
f 105/105 122/122 121/121
f 105/105 106/106 122/122
f 106/106 123/123 122/122
f 106/106 107/107 123/123
f 107/107 124/124 123/123
f 107/107 108/108 124/124
f 108/108 125/125 124/124
f 108/108 109/109 125/125
f 109/109 126/126 125/125
f 109/109 110/110 126/126
f 110/110 127/127 126/126
f 110/110 111/111 127/127
f 111/111 128/128 127/127
f 111/111 112/112 128/128
f 112/112 129/129 128/128
f 112/112 113/113 129/129
f 113/113 130/130 129/129
f 113/113 114/114 130/130
f 114/114 131/131 130/130
f 114/114 115/115 131/131
f 115/115 132/132 131/131
f 115/115 116/116 132/132
f 116/116 133/133 132/132
f 116/116 117/117 133/133
f 117/117 134/134 133/133
f 117/117 118/118 134/134
f 118/118 135/135 134/134
f 118/118 119/119 135/135
f 119/119 136/136 135/135
f 120/120 121/121 137/137
f 121/121 138/138 137/137
f 121/121 122/122 138/138
f 122/122 139/139 138/138
f 122/122 123/123 139/139
f 123/123 140/140 139/139
f 123/123 124/124 140/140
f 124/124 141/141 140/140
f 124/124 125/125 141/141
f 125/125 142/142 141/141
f 125/125 126/126 142/142
f 126/126 143/143 142/142
f 126/126 127/127 143/143
f 127/127 144/144 143/143
f 127/127 128/128 144/144
f 128/128 145/145 144/144
f 128/128 129/129 145/145
f 129/129 146/146 145/145
f 129/129 130/130 146/146
f 130/130 147/147 146/146
f 130/130 131/131 147/147
f 131/131 148/148 147/147
f 131/131 132/132 148/148
f 132/132 149/149 148/148
f 132/132 133/133 149/149
f 133/133 150/150 149/149
f 133/133 134/134 150/150
f 134/134 151/151 150/150
f 134/134 135/135 151/151
f 135/135 152/152 151/151
f 135/135 136/136 152/152
f 136/136 153/153 152/152
f 137/137 138/138 154/154
f 138/138 155/155 154/154
f 138/138 139/139 155/155
f 139/139 156/156 155/155
f 139/139 140/140 156/156
f 140/140 157/157 156/156
f 140/140 141/141 157/157
f 141/141 158/158 157/157
f 141/141 142/142 158/158
f 142/142 159/159 158/158
f 142/142 143/143 159/159
f 143/143 160/160 159/159
f 143/143 144/144 160/160
f 144/144 161/161 160/160
f 144/144 145/145 161/161
f 145/145 162/162 161/161
f 145/145 146/146 162/162
f 146/146 163/163 162/162
f 146/146 147/147 163/163
f 147/147 164/164 163/163
f 147/147 148/148 164/164
f 148/148 165/165 164/164
f 148/148 149/149 165/165
f 149/149 166/166 165/165
f 149/149 150/150 166/166
f 150/150 167/167 166/166
f 150/150 151/151 167/167
f 151/151 168/168 167/167
f 151/151 152/152 168/168
f 152/152 169/169 168/168
f 152/152 153/153 169/169
f 153/153 170/170 169/169
f 154/154 155/155 171/171
f 155/155 172/172 171/171
f 155/155 156/156 172/172
f 156/156 173/173 172/172
f 156/156 157/157 173/173
f 157/157 174/174 173/173
f 157/157 158/158 174/174
f 158/158 175/175 174/174
f 158/158 159/159 175/175
f 159/159 176/176 175/175
f 159/159 160/160 176/176
f 160/160 177/177 176/176
f 160/160 161/161 177/177
f 161/161 178/178 177/177
f 161/161 162/162 178/178
f 162/162 179/179 178/178
f 162/162 163/163 179/179
f 163/163 180/180 179/179
f 163/163 164/164 180/180
f 164/164 181/181 180/180
f 164/164 165/165 181/181
f 165/165 182/182 181/181
f 165/165 166/166 182/182
f 166/166 183/183 182/182
f 166/166 167/167 183/183
f 167/167 184/184 183/183
f 167/167 168/168 184/184
f 168/168 185/185 184/184
f 168/168 169/169 185/185
f 169/169 186/186 185/185
f 169/169 170/170 186/186
f 170/170 187/187 186/186
f 171/171 172/172 188/188
f 172/172 189/189 188/188
f 172/172 173/173 189/189
f 173/173 190/190 189/189
f 173/173 174/174 190/190
f 174/174 191/191 190/190
f 174/174 175/175 191/191
f 175/175 192/192 191/191
f 175/175 176/176 192/192
f 176/176 193/193 192/192
f 176/176 177/177 193/193
f 177/177 194/194 193/193
f 177/177 178/178 194/194
f 178/178 195/195 194/194
f 178/178 179/179 195/195
f 179/179 196/196 195/195
f 179/179 180/180 196/196
f 180/180 197/197 196/196
f 180/180 181/181 197/197
f 181/181 198/198 197/197
f 181/181 182/182 198/198
f 182/182 199/199 198/198
f 182/182 183/183 199/199
f 183/183 200/200 199/199
f 183/183 184/184 200/200
f 184/184 201/201 200/200
f 184/184 185/185 201/201
f 185/185 202/202 201/201
f 185/185 186/186 202/202
f 186/186 203/203 202/202
f 186/186 187/187 203/203
f 187/187 204/204 203/203
f 188/188 189/189 205/205
f 189/189 206/206 205/205
f 189/189 190/190 206/206
f 190/190 207/207 206/206
f 190/190 191/191 207/207
f 191/191 208/208 207/207
f 191/191 192/192 208/208
f 192/192 209/209 208/208
f 192/192 193/193 209/209
f 193/193 210/210 209/209
f 193/193 194/194 210/210
f 194/194 211/211 210/210
f 194/194 195/195 211/211
f 195/195 212/212 211/211
f 195/195 196/196 212/212
f 196/196 213/213 212/212
f 196/196 197/197 213/213
f 197/197 214/214 213/213
f 197/197 198/198 214/214
f 198/198 215/215 214/214
f 198/198 199/199 215/215
f 199/199 216/216 215/215
f 199/199 200/200 216/216
f 200/200 217/217 216/216
f 200/200 201/201 217/217
f 201/201 218/218 217/217
f 201/201 202/202 218/218
f 202/202 219/219 218/218
f 202/202 203/203 219/219
f 203/203 220/220 219/219
f 203/203 204/204 220/220
f 204/204 221/221 220/220
f 205/205 206/206 222/222
f 206/206 223/223 222/222
f 206/206 207/207 223/223
f 207/207 224/224 223/223
f 207/207 208/208 224/224
f 208/208 225/225 224/224
f 208/208 209/209 225/225
f 209/209 226/226 225/225
f 209/209 210/210 226/226
f 210/210 227/227 226/226
f 210/210 211/211 227/227
f 211/211 228/228 227/227
f 211/211 212/212 228/228
f 212/212 229/229 228/228
f 212/212 213/213 229/229
f 213/213 230/230 229/229
f 213/213 214/214 230/230
f 214/214 231/231 230/230
f 214/214 215/215 231/231
f 215/215 232/232 231/231
f 215/215 216/216 232/232
f 216/216 233/233 232/232
f 216/216 217/217 233/233
f 217/217 234/234 233/233
f 217/217 218/218 234/234
f 218/218 235/235 234/234
f 218/218 219/219 235/235
f 219/219 236/236 235/235
f 219/219 220/220 236/236
f 220/220 237/237 236/236
f 220/220 221/221 237/237
f 221/221 238/238 237/237
f 222/222 223/223 239/239
f 223/223 240/240 239/239
f 223/223 224/224 240/240
f 224/224 241/241 240/240
f 224/224 225/225 241/241
f 225/225 242/242 241/241
f 225/225 226/226 242/242
f 226/226 243/243 242/242
f 226/226 227/227 243/243
f 227/227 244/244 243/243
f 227/227 228/228 244/244
f 228/228 245/245 244/244
f 228/228 229/229 245/245
f 229/229 246/246 245/245
f 229/229 230/230 246/246
f 230/230 247/247 246/246
f 230/230 231/231 247/247
f 231/231 248/248 247/247
f 231/231 232/232 248/248
f 232/232 249/249 248/248
f 232/232 233/233 249/249
f 233/233 250/250 249/249
f 233/233 234/234 250/250
f 234/234 251/251 250/250
f 234/234 235/235 251/251
f 235/235 252/252 251/251
f 235/235 236/236 252/252
f 236/236 253/253 252/252
f 236/236 237/237 253/253
f 237/237 254/254 253/253
f 237/237 238/238 254/254
f 238/238 255/255 254/254
f 239/239 240/240 256/256
f 240/240 257/257 256/256
f 240/240 241/241 257/257
f 241/241 258/258 257/257
f 241/241 242/242 258/258
f 242/242 259/259 258/258
f 242/242 243/243 259/259
f 243/243 260/260 259/259
f 243/243 244/244 260/260
f 244/244 261/261 260/260
f 244/244 245/245 261/261
f 245/245 262/262 261/261
f 245/245 246/246 262/262
f 246/246 263/263 262/262
f 246/246 247/247 263/263
f 247/247 264/264 263/263
f 247/247 248/248 264/264
f 248/248 265/265 264/264
f 248/248 249/249 265/265
f 249/249 266/266 265/265
f 249/249 250/250 266/266
f 250/250 267/267 266/266
f 250/250 251/251 267/267
f 251/251 268/268 267/267
f 251/251 252/252 268/268
f 252/252 269/269 268/268
f 252/252 253/253 269/269
f 253/253 270/270 269/269
f 253/253 254/254 270/270
f 254/254 271/271 270/270
f 254/254 255/255 271/271
f 255/255 272/272 271/271
f 256/256 257/257 273/273
f 257/257 274/274 273/273
f 257/257 258/258 274/274
f 258/258 275/275 274/274
f 258/258 259/259 275/275
f 259/259 276/276 275/275
f 259/259 260/260 276/276
f 260/260 277/277 276/276
f 260/260 261/261 277/277
f 261/261 278/278 277/277
f 261/261 262/262 278/278
f 262/262 279/279 278/278
f 262/262 263/263 279/279
f 263/263 280/280 279/279
f 263/263 264/264 280/280
f 264/264 281/281 280/280
f 264/264 265/265 281/281
f 265/265 282/282 281/281
f 265/265 266/266 282/282
f 266/266 283/283 282/282
f 266/266 267/267 283/283
f 267/267 284/284 283/283
f 267/267 268/268 284/284
f 268/268 285/285 284/284
f 268/268 269/269 285/285
f 269/269 286/286 285/285
f 269/269 270/270 286/286
f 270/270 287/287 286/286
f 270/270 271/271 287/287
f 271/271 288/288 287/287
f 271/271 272/272 288/288
f 272/272 289/289 288/288
f 273/273 274/274 290/290
f 274/274 291/291 290/290
f 274/274 275/275 291/291
f 275/275 292/292 291/291
f 275/275 276/276 292/292
f 276/276 293/293 292/292
f 276/276 277/277 293/293
f 277/277 294/294 293/293
f 277/277 278/278 294/294
f 278/278 295/295 294/294
f 278/278 279/279 295/295
f 279/279 296/296 295/295
f 279/279 280/280 296/296
f 280/280 297/297 296/296
f 280/280 281/281 297/297
f 281/281 298/298 297/297
f 281/281 282/282 298/298
f 282/282 299/299 298/298
f 282/282 283/283 299/299
f 283/283 300/300 299/299
f 283/283 284/284 300/300
f 284/284 301/301 300/300
f 284/284 285/285 301/301
f 285/285 302/302 301/301
f 285/285 286/286 302/302
f 286/286 303/303 302/302
f 286/286 287/287 303/303
f 287/287 304/304 303/303
f 287/287 288/288 304/304
f 288/288 305/305 304/304
f 288/288 289/289 305/305
f 289/289 306/306 305/305
f 290/290 291/291 307/307
f 291/291 308/308 307/307
f 291/291 292/292 308/308
f 292/292 309/309 308/308
f 292/292 293/293 309/309
f 293/293 310/310 309/309
f 293/293 294/294 310/310
f 294/294 311/311 310/310
f 294/294 295/295 311/311
f 295/295 312/312 311/311
f 295/295 296/296 312/312
f 296/296 313/313 312/312
f 296/296 297/297 313/313
f 297/297 314/314 313/313
f 297/297 298/298 314/314
f 298/298 315/315 314/314
f 298/298 299/299 315/315
f 299/299 316/316 315/315
f 299/299 300/300 316/316
f 300/300 317/317 316/316
f 300/300 301/301 317/317
f 301/301 318/318 317/317
f 301/301 302/302 318/318
f 302/302 319/319 318/318
f 302/302 303/303 319/319
f 303/303 320/320 319/319
f 303/303 304/304 320/320
f 304/304 321/321 320/320
f 304/304 305/305 321/321
f 305/305 322/322 321/321
f 305/305 306/306 322/322
f 306/306 323/323 322/322
f 307/307 308/308 324/324
f 308/308 325/325 324/324
f 308/308 309/309 325/325
f 309/309 326/326 325/325
f 309/309 310/310 326/326
f 310/310 327/327 326/326
f 310/310 311/311 327/327
f 311/311 328/328 327/327
f 311/311 312/312 328/328
f 312/312 329/329 328/328
f 312/312 313/313 329/329
f 313/313 330/330 329/329
f 313/313 314/314 330/330
f 314/314 331/331 330/330
f 314/314 315/315 331/331
f 315/315 332/332 331/331
f 315/315 316/316 332/332
f 316/316 333/333 332/332
f 316/316 317/317 333/333
f 317/317 334/334 333/333
f 317/317 318/318 334/334
f 318/318 335/335 334/334
f 318/318 319/319 335/335
f 319/319 336/336 335/335
f 319/319 320/320 336/336
f 320/320 337/337 336/336
f 320/320 321/321 337/337
f 321/321 338/338 337/337
f 321/321 322/322 338/338
f 322/322 339/339 338/338
f 322/322 323/323 339/339
f 323/323 340/340 339/339
f 324/324 325/325 341/341
f 325/325 342/342 341/341
f 325/325 326/326 342/342
f 326/326 343/343 342/342
f 326/326 327/327 343/343
f 327/327 344/344 343/343
f 327/327 328/328 344/344
f 328/328 345/345 344/344
f 328/328 329/329 345/345
f 329/329 346/346 345/345
f 329/329 330/330 346/346
f 330/330 347/347 346/346
f 330/330 331/331 347/347
f 331/331 348/348 347/347
f 331/331 332/332 348/348
f 332/332 349/349 348/348
f 332/332 333/333 349/349
f 333/333 350/350 349/349
f 333/333 334/334 350/350
f 334/334 351/351 350/350
f 334/334 335/335 351/351
f 335/335 352/352 351/351
f 335/335 336/336 352/352
f 336/336 353/353 352/352
f 336/336 337/337 353/353
f 337/337 354/354 353/353
f 337/337 338/338 354/354
f 338/338 355/355 354/354
f 338/338 339/339 355/355
f 339/339 356/356 355/355
f 339/339 340/340 356/356
f 340/340 357/357 356/356
f 341/341 342/342 358/358
f 342/342 359/359 358/358
f 342/342 343/343 359/359
f 343/343 360/360 359/359
f 343/343 344/344 360/360
f 344/344 361/361 360/360
f 344/344 345/345 361/361
f 345/345 362/362 361/361
f 345/345 346/346 362/362
f 346/346 363/363 362/362
f 346/346 347/347 363/363
f 347/347 364/364 363/363
f 347/347 348/348 364/364
f 348/348 365/365 364/364
f 348/348 349/349 365/365
f 349/349 366/366 365/365
f 349/349 350/350 366/366
f 350/350 367/367 366/366
f 350/350 351/351 367/367
f 351/351 368/368 367/367
f 351/351 352/352 368/368
f 352/352 369/369 368/368
f 352/352 353/353 369/369
f 353/353 370/370 369/369
f 353/353 354/354 370/370
f 354/354 371/371 370/370
f 354/354 355/355 371/371
f 355/355 372/372 371/371
f 355/355 356/356 372/372
f 356/356 373/373 372/372
f 356/356 357/357 373/373
f 357/357 374/374 373/373
f 358/358 359/359 375/375
f 359/359 376/376 375/375
f 359/359 360/360 376/376
f 360/360 377/377 376/376
f 360/360 361/361 377/377
f 361/361 378/378 377/377
f 361/361 362/362 378/378
f 362/362 379/379 378/378
f 362/362 363/363 379/379
f 363/363 380/380 379/379
f 363/363 364/364 380/380
f 364/364 381/381 380/380
f 364/364 365/365 381/381
f 365/365 382/382 381/381
f 365/365 366/366 382/382
f 366/366 383/383 382/382
f 366/366 367/367 383/383
f 367/367 384/384 383/383
f 367/367 368/368 384/384
f 368/368 385/385 384/384
f 368/368 369/369 385/385
f 369/369 386/386 385/385
f 369/369 370/370 386/386
f 370/370 387/387 386/386
f 370/370 371/371 387/387
f 371/371 388/388 387/387
f 371/371 372/372 388/388
f 372/372 389/389 388/388
f 372/372 373/373 389/389
f 373/373 390/390 389/389
f 373/373 374/374 390/390
f 374/374 391/391 390/390
f 375/375 376/376 392/392
f 376/376 393/393 392/392
f 376/376 377/377 393/393
f 377/377 394/394 393/393
f 377/377 378/378 394/394
f 378/378 395/395 394/394
f 378/378 379/379 395/395
f 379/379 396/396 395/395
f 379/379 380/380 396/396
f 380/380 397/397 396/396
f 380/380 381/381 397/397
f 381/381 398/398 397/397
f 381/381 382/382 398/398
f 382/382 399/399 398/398
f 382/382 383/383 399/399
f 383/383 400/400 399/399
f 383/383 384/384 400/400
f 384/384 401/401 400/400
f 384/384 385/385 401/401
f 385/385 402/402 401/401
f 385/385 386/386 402/402
f 386/386 403/403 402/402
f 386/386 387/387 403/403
f 387/387 404/404 403/403
f 387/387 388/388 404/404
f 388/388 405/405 404/404
f 388/388 389/389 405/405
f 389/389 406/406 405/405
f 389/389 390/390 406/406
f 390/390 407/407 406/406
f 390/390 391/391 407/407
f 391/391 408/408 407/407
f 392/392 393/393 409/409
f 393/393 410/410 409/409
f 393/393 394/394 410/410
f 394/394 411/411 410/410
f 394/394 395/395 411/411
f 395/395 412/412 411/411
f 395/395 396/396 412/412
f 396/396 413/413 412/412
f 396/396 397/397 413/413
f 397/397 414/414 413/413
f 397/397 398/398 414/414
f 398/398 415/415 414/414
f 398/398 399/399 415/415
f 399/399 416/416 415/415
f 399/399 400/400 416/416
f 400/400 417/417 416/416
f 400/400 401/401 417/417
f 401/401 418/418 417/417
f 401/401 402/402 418/418
f 402/402 419/419 418/418
f 402/402 403/403 419/419
f 403/403 420/420 419/419
f 403/403 404/404 420/420
f 404/404 421/421 420/420
f 404/404 405/405 421/421
f 405/405 422/422 421/421
f 405/405 406/406 422/422
f 406/406 423/423 422/422
f 406/406 407/407 423/423
f 407/407 424/424 423/423
f 407/407 408/408 424/424
f 408/408 425/425 424/424
f 409/409 410/410 426/426
f 410/410 427/427 426/426
f 410/410 411/411 427/427
f 411/411 428/428 427/427
f 411/411 412/412 428/428
f 412/412 429/429 428/428
f 412/412 413/413 429/429
f 413/413 430/430 429/429
f 413/413 414/414 430/430
f 414/414 431/431 430/430
f 414/414 415/415 431/431
f 415/415 432/432 431/431
f 415/415 416/416 432/432
f 416/416 433/433 432/432
f 416/416 417/417 433/433
f 417/417 434/434 433/433
f 417/417 418/418 434/434
f 418/418 435/435 434/434
f 418/418 419/419 435/435
f 419/419 436/436 435/435
f 419/419 420/420 436/436
f 420/420 437/437 436/436
f 420/420 421/421 437/437
f 421/421 438/438 437/437
f 421/421 422/422 438/438
f 422/422 439/439 438/438
f 422/422 423/423 439/439
f 423/423 440/440 439/439
f 423/423 424/424 440/440
f 424/424 441/441 440/440
f 424/424 425/425 441/441
f 425/425 442/442 441/441
f 426/426 427/427 443/443
f 427/427 444/444 443/443
f 427/427 428/428 444/444
f 428/428 445/445 444/444
f 428/428 429/429 445/445
f 429/429 446/446 445/445
f 429/429 430/430 446/446
f 430/430 447/447 446/446
f 430/430 431/431 447/447
f 431/431 448/448 447/447
f 431/431 432/432 448/448
f 432/432 449/449 448/448
f 432/432 433/433 449/449
f 433/433 450/450 449/449
f 433/433 434/434 450/450
f 434/434 451/451 450/450
f 434/434 435/435 451/451
f 435/435 452/452 451/451
f 435/435 436/436 452/452
f 436/436 453/453 452/452
f 436/436 437/437 453/453
f 437/437 454/454 453/453
f 437/437 438/438 454/454
f 438/438 455/455 454/454
f 438/438 439/439 455/455
f 439/439 456/456 455/455
f 439/439 440/440 456/456
f 440/440 457/457 456/456
f 440/440 441/441 457/457
f 441/441 458/458 457/457
f 441/441 442/442 458/458
f 442/442 459/459 458/458
f 443/443 444/444 460/460
f 444/444 461/461 460/460
f 444/444 445/445 461/461
f 445/445 462/462 461/461
f 445/445 446/446 462/462
f 446/446 463/463 462/462
f 446/446 447/447 463/463
f 447/447 464/464 463/463
f 447/447 448/448 464/464
f 448/448 465/465 464/464
f 448/448 449/449 465/465
f 449/449 466/466 465/465
f 449/449 450/450 466/466
f 450/450 467/467 466/466
f 450/450 451/451 467/467
f 451/451 468/468 467/467
f 451/451 452/452 468/468
f 452/452 469/469 468/468
f 452/452 453/453 469/469
f 453/453 470/470 469/469
f 453/453 454/454 470/470
f 454/454 471/471 470/470
f 454/454 455/455 471/471
f 455/455 472/472 471/471
f 455/455 456/456 472/472
f 456/456 473/473 472/472
f 456/456 457/457 473/473
f 457/457 474/474 473/473
f 457/457 458/458 474/474
f 458/458 475/475 474/474
f 458/458 459/459 475/475
f 459/459 476/476 475/475
f 460/460 461/461 477/477
f 461/461 478/478 477/477
f 461/461 462/462 478/478
f 462/462 479/479 478/478
f 462/462 463/463 479/479
f 463/463 480/480 479/479
f 463/463 464/464 480/480
f 464/464 481/481 480/480
f 464/464 465/465 481/481
f 465/465 482/482 481/481
f 465/465 466/466 482/482
f 466/466 483/483 482/482
f 466/466 467/467 483/483
f 467/467 484/484 483/483
f 467/467 468/468 484/484
f 468/468 485/485 484/484
f 468/468 469/469 485/485
f 469/469 486/486 485/485
f 469/469 470/470 486/486
f 470/470 487/487 486/486
f 470/470 471/471 487/487
f 471/471 488/488 487/487
f 471/471 472/472 488/488
f 472/472 489/489 488/488
f 472/472 473/473 489/489
f 473/473 490/490 489/489
f 473/473 474/474 490/490
f 474/474 491/491 490/490
f 474/474 475/475 491/491
f 475/475 492/492 491/491
f 475/475 476/476 492/492
f 476/476 493/493 492/492
f 477/477 478/478 494/494
f 478/478 495/495 494/494
f 478/478 479/479 495/495
f 479/479 496/496 495/495
f 479/479 480/480 496/496
f 480/480 497/497 496/496
f 480/480 481/481 497/497
f 481/481 498/498 497/497
f 481/481 482/482 498/498
f 482/482 499/499 498/498
f 482/482 483/483 499/499
f 483/483 500/500 499/499
f 483/483 484/484 500/500
f 484/484 501/501 500/500
f 484/484 485/485 501/501
f 485/485 502/502 501/501
f 485/485 486/486 502/502
f 486/486 503/503 502/502
f 486/486 487/487 503/503
f 487/487 504/504 503/503
f 487/487 488/488 504/504
f 488/488 505/505 504/504
f 488/488 489/489 505/505
f 489/489 506/506 505/505
f 489/489 490/490 506/506
f 490/490 507/507 506/506
f 490/490 491/491 507/507
f 491/491 508/508 507/507
f 491/491 492/492 508/508
f 492/492 509/509 508/508
f 492/492 493/493 509/509
f 493/493 510/510 509/509
f 494/494 495/495 511/511
f 495/495 512/512 511/511
f 495/495 496/496 512/512
f 496/496 513/513 512/512
f 496/496 497/497 513/513
f 497/497 514/514 513/513
f 497/497 498/498 514/514
f 498/498 515/515 514/514
f 498/498 499/499 515/515
f 499/499 516/516 515/515
f 499/499 500/500 516/516
f 500/500 517/517 516/516
f 500/500 501/501 517/517
f 501/501 518/518 517/517
f 501/501 502/502 518/518
f 502/502 519/519 518/518
f 502/502 503/503 519/519
f 503/503 520/520 519/519
f 503/503 504/504 520/520
f 504/504 521/521 520/520
f 504/504 505/505 521/521
f 505/505 522/522 521/521
f 505/505 506/506 522/522
f 506/506 523/523 522/522
f 506/506 507/507 523/523
f 507/507 524/524 523/523
f 507/507 508/508 524/524
f 508/508 525/525 524/524
f 508/508 509/509 525/525
f 509/509 526/526 525/525
f 509/509 510/510 526/526
f 510/510 527/527 526/526
f 511/511 512/512 528/528
f 512/512 529/529 528/528
f 512/512 513/513 529/529
f 513/513 530/530 529/529
f 513/513 514/514 530/530
f 514/514 531/531 530/530
f 514/514 515/515 531/531
f 515/515 532/532 531/531
f 515/515 516/516 532/532
f 516/516 533/533 532/532
f 516/516 517/517 533/533
f 517/517 534/534 533/533
f 517/517 518/518 534/534
f 518/518 535/535 534/534
f 518/518 519/519 535/535
f 519/519 536/536 535/535
f 519/519 520/520 536/536
f 520/520 537/537 536/536
f 520/520 521/521 537/537
f 521/521 538/538 537/537
f 521/521 522/522 538/538
f 522/522 539/539 538/538
f 522/522 523/523 539/539
f 523/523 540/540 539/539
f 523/523 524/524 540/540
f 524/524 541/541 540/540
f 524/524 525/525 541/541
f 525/525 542/542 541/541
f 525/525 526/526 542/542
f 526/526 543/543 542/542
f 526/526 527/527 543/543
f 527/527 544/544 543/543
f 528/528 529/529 545/545
f 529/529 546/546 545/545
f 529/529 530/530 546/546
f 530/530 547/547 546/546
f 530/530 531/531 547/547
f 531/531 548/548 547/547
f 531/531 532/532 548/548
f 532/532 549/549 548/548
f 532/532 533/533 549/549
f 533/533 550/550 549/549
f 533/533 534/534 550/550
f 534/534 551/551 550/550
f 534/534 535/535 551/551
f 535/535 552/552 551/551
f 535/535 536/536 552/552
f 536/536 553/553 552/552
f 536/536 537/537 553/553
f 537/537 554/554 553/553
f 537/537 538/538 554/554
f 538/538 555/555 554/554
f 538/538 539/539 555/555
f 539/539 556/556 555/555
f 539/539 540/540 556/556
f 540/540 557/557 556/556
f 540/540 541/541 557/557
f 541/541 558/558 557/557
f 541/541 542/542 558/558
f 542/542 559/559 558/558
f 542/542 543/543 559/559
f 543/543 560/560 559/559
f 543/543 544/544 560/560
f 544/544 561/561 560/560
f 545/545 546/546 562/562
f 546/546 563/563 562/562
f 546/546 547/547 563/563
f 547/547 564/564 563/563
f 547/547 548/548 564/564
f 548/548 565/565 564/564
f 548/548 549/549 565/565
f 549/549 566/566 565/565
f 549/549 550/550 566/566
f 550/550 567/567 566/566
f 550/550 551/551 567/567
f 551/551 568/568 567/567
f 551/551 552/552 568/568
f 552/552 569/569 568/568
f 552/552 553/553 569/569
f 553/553 570/570 569/569
f 553/553 554/554 570/570
f 554/554 571/571 570/570
f 554/554 555/555 571/571
f 555/555 572/572 571/571
f 555/555 556/556 572/572
f 556/556 573/573 572/572
f 556/556 557/557 573/573
f 557/557 574/574 573/573
f 557/557 558/558 574/574
f 558/558 575/575 574/574
f 558/558 559/559 575/575
f 559/559 576/576 575/575
f 559/559 560/560 576/576
f 560/560 577/577 576/576
f 560/560 561/561 577/577
f 561/561 578/578 577/577
f 562/562 563/563 579/579
f 563/563 580/580 579/579
f 563/563 564/564 580/580
f 564/564 581/581 580/580
f 564/564 565/565 581/581
f 565/565 582/582 581/581
f 565/565 566/566 582/582
f 566/566 583/583 582/582
f 566/566 567/567 583/583
f 567/567 584/584 583/583
f 567/567 568/568 584/584
f 568/568 585/585 584/584
f 568/568 569/569 585/585
f 569/569 586/586 585/585
f 569/569 570/570 586/586
f 570/570 587/587 586/586
f 570/570 571/571 587/587
f 571/571 588/588 587/587
f 571/571 572/572 588/588
f 572/572 589/589 588/588
f 572/572 573/573 589/589
f 573/573 590/590 589/589
f 573/573 574/574 590/590
f 574/574 591/591 590/590
f 574/574 575/575 591/591
f 575/575 592/592 591/591
f 575/575 576/576 592/592
f 576/576 593/593 592/592
f 576/576 577/577 593/593
f 577/577 594/594 593/593
f 577/577 578/578 594/594
f 578/578 595/595 594/594
f 579/579 580/580 596/596
f 580/580 597/597 596/596
f 580/580 581/581 597/597
f 581/581 598/598 597/597
f 581/581 582/582 598/598
f 582/582 599/599 598/598
f 582/582 583/583 599/599
f 583/583 600/600 599/599
f 583/583 584/584 600/600
f 584/584 601/601 600/600
f 584/584 585/585 601/601
f 585/585 602/602 601/601
f 585/585 586/586 602/602
f 586/586 603/603 602/602
f 586/586 587/587 603/603
f 587/587 604/604 603/603
f 587/587 588/588 604/604
f 588/588 605/605 604/604
f 588/588 589/589 605/605
f 589/589 606/606 605/605
f 589/589 590/590 606/606
f 590/590 607/607 606/606
f 590/590 591/591 607/607
f 591/591 608/608 607/607
f 591/591 592/592 608/608
f 592/592 609/609 608/608
f 592/592 593/593 609/609
f 593/593 610/610 609/609
f 593/593 594/594 610/610
f 594/594 611/611 610/610
f 594/594 595/595 611/611
f 595/595 612/612 611/611
f 596/596 597/597 613/613
f 597/597 614/614 613/613
f 597/597 598/598 614/614
f 598/598 615/615 614/614
f 598/598 599/599 615/615
f 599/599 616/616 615/615
f 599/599 600/600 616/616
f 600/600 617/617 616/616
f 600/600 601/601 617/617
f 601/601 618/618 617/617
f 601/601 602/602 618/618
f 602/602 619/619 618/618
f 602/602 603/603 619/619
f 603/603 620/620 619/619
f 603/603 604/604 620/620
f 604/604 621/621 620/620
f 604/604 605/605 621/621
f 605/605 622/622 621/621
f 605/605 606/606 622/622
f 606/606 623/623 622/622
f 606/606 607/607 623/623
f 607/607 624/624 623/623
f 607/607 608/608 624/624
f 608/608 625/625 624/624
f 608/608 609/609 625/625
f 609/609 626/626 625/625
f 609/609 610/610 626/626
f 610/610 627/627 626/626
f 610/610 611/611 627/627
f 611/611 628/628 627/627
f 611/611 612/612 628/628
f 612/612 629/629 628/628
f 613/613 614/614 630/630
f 614/614 631/631 630/630
f 614/614 615/615 631/631
f 615/615 632/632 631/631
f 615/615 616/616 632/632
f 616/616 633/633 632/632
f 616/616 617/617 633/633
f 617/617 634/634 633/633
f 617/617 618/618 634/634
f 618/618 635/635 634/634
f 618/618 619/619 635/635
f 619/619 636/636 635/635
f 619/619 620/620 636/636
f 620/620 637/637 636/636
f 620/620 621/621 637/637
f 621/621 638/638 637/637
f 621/621 622/622 638/638
f 622/622 639/639 638/638
f 622/622 623/623 639/639
f 623/623 640/640 639/639
f 623/623 624/624 640/640
f 624/624 641/641 640/640
f 624/624 625/625 641/641
f 625/625 642/642 641/641
f 625/625 626/626 642/642
f 626/626 643/643 642/642
f 626/626 627/627 643/643
f 627/627 644/644 643/643
f 627/627 628/628 644/644
f 628/628 645/645 644/644
f 628/628 629/629 645/645
f 629/629 646/646 645/645
f 630/630 631/631 647/647
f 631/631 648/648 647/647
f 631/631 632/632 648/648
f 632/632 649/649 648/648
f 632/632 633/633 649/649
f 633/633 650/650 649/649
f 633/633 634/634 650/650
f 634/634 651/651 650/650
f 634/634 635/635 651/651
f 635/635 652/652 651/651
f 635/635 636/636 652/652
f 636/636 653/653 652/652
f 636/636 637/637 653/653
f 637/637 654/654 653/653
f 637/637 638/638 654/654
f 638/638 655/655 654/654
f 638/638 639/639 655/655
f 639/639 656/656 655/655
f 639/639 640/640 656/656
f 640/640 657/657 656/656
f 640/640 641/641 657/657
f 641/641 658/658 657/657
f 641/641 642/642 658/658
f 642/642 659/659 658/658
f 642/642 643/643 659/659
f 643/643 660/660 659/659
f 643/643 644/644 660/660
f 644/644 661/661 660/660
f 644/644 645/645 661/661
f 645/645 662/662 661/661
f 645/645 646/646 662/662
f 646/646 663/663 662/662
f 647/647 648/648 664/664
f 648/648 665/665 664/664
f 648/648 649/649 665/665
f 649/649 666/666 665/665
f 649/649 650/650 666/666
f 650/650 667/667 666/666
f 650/650 651/651 667/667
f 651/651 668/668 667/667
f 651/651 652/652 668/668
f 652/652 669/669 668/668
f 652/652 653/653 669/669
f 653/653 670/670 669/669
f 653/653 654/654 670/670
f 654/654 671/671 670/670
f 654/654 655/655 671/671
f 655/655 672/672 671/671
f 655/655 656/656 672/672
f 656/656 673/673 672/672
f 656/656 657/657 673/673
f 657/657 674/674 673/673
f 657/657 658/658 674/674
f 658/658 675/675 674/674
f 658/658 659/659 675/675
f 659/659 676/676 675/675
f 659/659 660/660 676/676
f 660/660 677/677 676/676
f 660/660 661/661 677/677
f 661/661 678/678 677/677
f 661/661 662/662 678/678
f 662/662 679/679 678/678
f 662/662 663/663 679/679
f 663/663 680/680 679/679
f 664/664 665/665 681/681
f 665/665 682/682 681/681
f 665/665 666/666 682/682
f 666/666 683/683 682/682
f 666/666 667/667 683/683
f 667/667 684/684 683/683
f 667/667 668/668 684/684
f 668/668 685/685 684/684
f 668/668 669/669 685/685
f 669/669 686/686 685/685
f 669/669 670/670 686/686
f 670/670 687/687 686/686
f 670/670 671/671 687/687
f 671/671 688/688 687/687
f 671/671 672/672 688/688
f 672/672 689/689 688/688
f 672/672 673/673 689/689
f 673/673 690/690 689/689
f 673/673 674/674 690/690
f 674/674 691/691 690/690
f 674/674 675/675 691/691
f 675/675 692/692 691/691
f 675/675 676/676 692/692
f 676/676 693/693 692/692
f 676/676 677/677 693/693
f 677/677 694/694 693/693
f 677/677 678/678 694/694
f 678/678 695/695 694/694
f 678/678 679/679 695/695
f 679/679 696/696 695/695
f 679/679 680/680 696/696
f 680/680 697/697 696/696
f 681/681 682/682 698/698
f 682/682 699/699 698/698
f 682/682 683/683 699/699
f 683/683 700/700 699/699
f 683/683 684/684 700/700
f 684/684 701/701 700/700
f 684/684 685/685 701/701
f 685/685 702/702 701/701
f 685/685 686/686 702/702
f 686/686 703/703 702/702
f 686/686 687/687 703/703
f 687/687 704/704 703/703
f 687/687 688/688 704/704
f 688/688 705/705 704/704
f 688/688 689/689 705/705
f 689/689 706/706 705/705
f 689/689 690/690 706/706
f 690/690 707/707 706/706
f 690/690 691/691 707/707
f 691/691 708/708 707/707
f 691/691 692/692 708/708
f 692/692 709/709 708/708
f 692/692 693/693 709/709
f 693/693 710/710 709/709
f 693/693 694/694 710/710
f 694/694 711/711 710/710
f 694/694 695/695 711/711
f 695/695 712/712 711/711
f 695/695 696/696 712/712
f 696/696 713/713 712/712
f 696/696 697/697 713/713
f 697/697 714/714 713/713
f 698/698 699/699 715/715
f 699/699 716/716 715/715
f 699/699 700/700 716/716
f 700/700 717/717 716/716
f 700/700 701/701 717/717
f 701/701 718/718 717/717
f 701/701 702/702 718/718
f 702/702 719/719 718/718
f 702/702 703/703 719/719
f 703/703 720/720 719/719
f 703/703 704/704 720/720
f 704/704 721/721 720/720
f 704/704 705/705 721/721
f 705/705 722/722 721/721
f 705/705 706/706 722/722
f 706/706 723/723 722/722
f 706/706 707/707 723/723
f 707/707 724/724 723/723
f 707/707 708/708 724/724
f 708/708 725/725 724/724
f 708/708 709/709 725/725
f 709/709 726/726 725/725
f 709/709 710/710 726/726
f 710/710 727/727 726/726
f 710/710 711/711 727/727
f 711/711 728/728 727/727
f 711/711 712/712 728/728
f 712/712 729/729 728/728
f 712/712 713/713 729/729
f 713/713 730/730 729/729
f 713/713 714/714 730/730
f 714/714 731/731 730/730
f 715/715 716/716 732/732
f 716/716 733/733 732/732
f 716/716 717/717 733/733
f 717/717 734/734 733/733
f 717/717 718/718 734/734
f 718/718 735/735 734/734
f 718/718 719/719 735/735
f 719/719 736/736 735/735
f 719/719 720/720 736/736
f 720/720 737/737 736/736
f 720/720 721/721 737/737
f 721/721 738/738 737/737
f 721/721 722/722 738/738
f 722/722 739/739 738/738
f 722/722 723/723 739/739
f 723/723 740/740 739/739
f 723/723 724/724 740/740
f 724/724 741/741 740/740
f 724/724 725/725 741/741
f 725/725 742/742 741/741
f 725/725 726/726 742/742
f 726/726 743/743 742/742
f 726/726 727/727 743/743
f 727/727 744/744 743/743
f 727/727 728/728 744/744
f 728/728 745/745 744/744
f 728/728 729/729 745/745
f 729/729 746/746 745/745
f 729/729 730/730 746/746
f 730/730 747/747 746/746
f 730/730 731/731 747/747
f 731/731 748/748 747/747
f 732/732 733/733 749/749
f 733/733 750/750 749/749
f 733/733 734/734 750/750
f 734/734 751/751 750/750
f 734/734 735/735 751/751
f 735/735 752/752 751/751
f 735/735 736/736 752/752
f 736/736 753/753 752/752
f 736/736 737/737 753/753
f 737/737 754/754 753/753
f 737/737 738/738 754/754
f 738/738 755/755 754/754
f 738/738 739/739 755/755
f 739/739 756/756 755/755
f 739/739 740/740 756/756
f 740/740 757/757 756/756
f 740/740 741/741 757/757
f 741/741 758/758 757/757
f 741/741 742/742 758/758
f 742/742 759/759 758/758
f 742/742 743/743 759/759
f 743/743 760/760 759/759
f 743/743 744/744 760/760
f 744/744 761/761 760/760
f 744/744 745/745 761/761
f 745/745 762/762 761/761
f 745/745 746/746 762/762
f 746/746 763/763 762/762
f 746/746 747/747 763/763
f 747/747 764/764 763/763
f 747/747 748/748 764/764
f 748/748 765/765 764/764
f 749/749 750/750 766/766
f 750/750 767/767 766/766
f 750/750 751/751 767/767
f 751/751 768/768 767/767
f 751/751 752/752 768/768
f 752/752 769/769 768/768
f 752/752 753/753 769/769
f 753/753 770/770 769/769
f 753/753 754/754 770/770
f 754/754 771/771 770/770
f 754/754 755/755 771/771
f 755/755 772/772 771/771
f 755/755 756/756 772/772
f 756/756 773/773 772/772
f 756/756 757/757 773/773
f 757/757 774/774 773/773
f 757/757 758/758 774/774
f 758/758 775/775 774/774
f 758/758 759/759 775/775
f 759/759 776/776 775/775
f 759/759 760/760 776/776
f 760/760 777/777 776/776
f 760/760 761/761 777/777
f 761/761 778/778 777/777
f 761/761 762/762 778/778
f 762/762 779/779 778/778
f 762/762 763/763 779/779
f 763/763 780/780 779/779
f 763/763 764/764 780/780
f 764/764 781/781 780/780
f 764/764 765/765 781/781
f 765/765 782/782 781/781
f 766/766 767/767 783/783
f 767/767 784/784 783/783
f 767/767 768/768 784/784
f 768/768 785/785 784/784
f 768/768 769/769 785/785
f 769/769 786/786 785/785
f 769/769 770/770 786/786
f 770/770 787/787 786/786
f 770/770 771/771 787/787
f 771/771 788/788 787/787
f 771/771 772/772 788/788
f 772/772 789/789 788/788
f 772/772 773/773 789/789
f 773/773 790/790 789/789
f 773/773 774/774 790/790
f 774/774 791/791 790/790
f 774/774 775/775 791/791
f 775/775 792/792 791/791
f 775/775 776/776 792/792
f 776/776 793/793 792/792
f 776/776 777/777 793/793
f 777/777 794/794 793/793
f 777/777 778/778 794/794
f 778/778 795/795 794/794
f 778/778 779/779 795/795
f 779/779 796/796 795/795
f 779/779 780/780 796/796
f 780/780 797/797 796/796
f 780/780 781/781 797/797
f 781/781 798/798 797/797
f 781/781 782/782 798/798
f 782/782 799/799 798/798
f 783/783 784/784 800/800
f 784/784 801/801 800/800
f 784/784 785/785 801/801
f 785/785 802/802 801/801
f 785/785 786/786 802/802
f 786/786 803/803 802/802
f 786/786 787/787 803/803
f 787/787 804/804 803/803
f 787/787 788/788 804/804
f 788/788 805/805 804/804
f 788/788 789/789 805/805
f 789/789 806/806 805/805
f 789/789 790/790 806/806
f 790/790 807/807 806/806
f 790/790 791/791 807/807
f 791/791 808/808 807/807
f 791/791 792/792 808/808
f 792/792 809/809 808/808
f 792/792 793/793 809/809
f 793/793 810/810 809/809
f 793/793 794/794 810/810
f 794/794 811/811 810/810
f 794/794 795/795 811/811
f 795/795 812/812 811/811
f 795/795 796/796 812/812
f 796/796 813/813 812/812
f 796/796 797/797 813/813
f 797/797 814/814 813/813
f 797/797 798/798 814/814
f 798/798 815/815 814/814
f 798/798 799/799 815/815
f 799/799 816/816 815/815
f 800/800 801/801 817/817
f 801/801 818/818 817/817
f 801/801 802/802 818/818
f 802/802 819/819 818/818
f 802/802 803/803 819/819
f 803/803 820/820 819/819
f 803/803 804/804 820/820
f 804/804 821/821 820/820
f 804/804 805/805 821/821
f 805/805 822/822 821/821
f 805/805 806/806 822/822
f 806/806 823/823 822/822
f 806/806 807/807 823/823
f 807/807 824/824 823/823
f 807/807 808/808 824/824
f 808/808 825/825 824/824
f 808/808 809/809 825/825
f 809/809 826/826 825/825
f 809/809 810/810 826/826
f 810/810 827/827 826/826
f 810/810 811/811 827/827
f 811/811 828/828 827/827
f 811/811 812/812 828/828
f 812/812 829/829 828/828
f 812/812 813/813 829/829
f 813/813 830/830 829/829
f 813/813 814/814 830/830
f 814/814 831/831 830/830
f 814/814 815/815 831/831
f 815/815 832/832 831/831
f 815/815 816/816 832/832
f 816/816 833/833 832/832
f 817/817 818/818 834/834
f 818/818 835/835 834/834
f 818/818 819/819 835/835
f 819/819 836/836 835/835
f 819/819 820/820 836/836
f 820/820 837/837 836/836
f 820/820 821/821 837/837
f 821/821 838/838 837/837
f 821/821 822/822 838/838
f 822/822 839/839 838/838
f 822/822 823/823 839/839
f 823/823 840/840 839/839
f 823/823 824/824 840/840
f 824/824 841/841 840/840
f 824/824 825/825 841/841
f 825/825 842/842 841/841
f 825/825 826/826 842/842
f 826/826 843/843 842/842
f 826/826 827/827 843/843
f 827/827 844/844 843/843
f 827/827 828/828 844/844
f 828/828 845/845 844/844
f 828/828 829/829 845/845
f 829/829 846/846 845/845
f 829/829 830/830 846/846
f 830/830 847/847 846/846
f 830/830 831/831 847/847
f 831/831 848/848 847/847
f 831/831 832/832 848/848
f 832/832 849/849 848/848
f 832/832 833/833 849/849
f 833/833 850/850 849/849
f 834/834 835/835 851/851
f 835/835 852/852 851/851
f 835/835 836/836 852/852
f 836/836 853/853 852/852
f 836/836 837/837 853/853
f 837/837 854/854 853/853
f 837/837 838/838 854/854
f 838/838 855/855 854/854
f 838/838 839/839 855/855
f 839/839 856/856 855/855
f 839/839 840/840 856/856
f 840/840 857/857 856/856
f 840/840 841/841 857/857
f 841/841 858/858 857/857
f 841/841 842/842 858/858
f 842/842 859/859 858/858
f 842/842 843/843 859/859
f 843/843 860/860 859/859
f 843/843 844/844 860/860
f 844/844 861/861 860/860
f 844/844 845/845 861/861
f 845/845 862/862 861/861
f 845/845 846/846 862/862
f 846/846 863/863 862/862
f 846/846 847/847 863/863
f 847/847 864/864 863/863
f 847/847 848/848 864/864
f 848/848 865/865 864/864
f 848/848 849/849 865/865
f 849/849 866/866 865/865
f 849/849 850/850 866/866
f 850/850 867/867 866/866
f 851/851 852/852 868/868
f 852/852 869/869 868/868
f 852/852 853/853 869/869
f 853/853 870/870 869/869
f 853/853 854/854 870/870
f 854/854 871/871 870/870
f 854/854 855/855 871/871
f 855/855 872/872 871/871
f 855/855 856/856 872/872
f 856/856 873/873 872/872
f 856/856 857/857 873/873
f 857/857 874/874 873/873
f 857/857 858/858 874/874
f 858/858 875/875 874/874
f 858/858 859/859 875/875
f 859/859 876/876 875/875
f 859/859 860/860 876/876
f 860/860 877/877 876/876
f 860/860 861/861 877/877
f 861/861 878/878 877/877
f 861/861 862/862 878/878
f 862/862 879/879 878/878
f 862/862 863/863 879/879
f 863/863 880/880 879/879
f 863/863 864/864 880/880
f 864/864 881/881 880/880
f 864/864 865/865 881/881
f 865/865 882/882 881/881
f 865/865 866/866 882/882
f 866/866 883/883 882/882
f 866/866 867/867 883/883
f 867/867 884/884 883/883
f 868/868 869/869 885/885
f 869/869 886/886 885/885
f 869/869 870/870 886/886
f 870/870 887/887 886/886
f 870/870 871/871 887/887
f 871/871 888/888 887/887
f 871/871 872/872 888/888
f 872/872 889/889 888/888
f 872/872 873/873 889/889
f 873/873 890/890 889/889
f 873/873 874/874 890/890
f 874/874 891/891 890/890
f 874/874 875/875 891/891
f 875/875 892/892 891/891
f 875/875 876/876 892/892
f 876/876 893/893 892/892
f 876/876 877/877 893/893
f 877/877 894/894 893/893
f 877/877 878/878 894/894
f 878/878 895/895 894/894
f 878/878 879/879 895/895
f 879/879 896/896 895/895
f 879/879 880/880 896/896
f 880/880 897/897 896/896
f 880/880 881/881 897/897
f 881/881 898/898 897/897
f 881/881 882/882 898/898
f 882/882 899/899 898/898
f 882/882 883/883 899/899
f 883/883 900/900 899/899
f 883/883 884/884 900/900
f 884/884 901/901 900/900
f 885/885 886/886 902/902
f 886/886 903/903 902/902
f 886/886 887/887 903/903
f 887/887 904/904 903/903
f 887/887 888/888 904/904
f 888/888 905/905 904/904
f 888/888 889/889 905/905
f 889/889 906/906 905/905
f 889/889 890/890 906/906
f 890/890 907/907 906/906
f 890/890 891/891 907/907
f 891/891 908/908 907/907
f 891/891 892/892 908/908
f 892/892 909/909 908/908
f 892/892 893/893 909/909
f 893/893 910/910 909/909
f 893/893 894/894 910/910
f 894/894 911/911 910/910
f 894/894 895/895 911/911
f 895/895 912/912 911/911
f 895/895 896/896 912/912
f 896/896 913/913 912/912
f 896/896 897/897 913/913
f 897/897 914/914 913/913
f 897/897 898/898 914/914
f 898/898 915/915 914/914
f 898/898 899/899 915/915
f 899/899 916/916 915/915
f 899/899 900/900 916/916
f 900/900 917/917 916/916
f 900/900 901/901 917/917
f 901/901 918/918 917/917
f 902/902 903/903 919/919
f 903/903 920/920 919/919
f 903/903 904/904 920/920
f 904/904 921/921 920/920
f 904/904 905/905 921/921
f 905/905 922/922 921/921
f 905/905 906/906 922/922
f 906/906 923/923 922/922
f 906/906 907/907 923/923
f 907/907 924/924 923/923
f 907/907 908/908 924/924
f 908/908 925/925 924/924
f 908/908 909/909 925/925
f 909/909 926/926 925/925
f 909/909 910/910 926/926
f 910/910 927/927 926/926
f 910/910 911/911 927/927
f 911/911 928/928 927/927
f 911/911 912/912 928/928
f 912/912 929/929 928/928
f 912/912 913/913 929/929
f 913/913 930/930 929/929
f 913/913 914/914 930/930
f 914/914 931/931 930/930
f 914/914 915/915 931/931
f 915/915 932/932 931/931
f 915/915 916/916 932/932
f 916/916 933/933 932/932
f 916/916 917/917 933/933
f 917/917 934/934 933/933
f 917/917 918/918 934/934
f 918/918 935/935 934/934
f 919/919 920/920 936/936
f 920/920 937/937 936/936
f 920/920 921/921 937/937
f 921/921 938/938 937/937
f 921/921 922/922 938/938
f 922/922 939/939 938/938
f 922/922 923/923 939/939
f 923/923 940/940 939/939
f 923/923 924/924 940/940
f 924/924 941/941 940/940
f 924/924 925/925 941/941
f 925/925 942/942 941/941
f 925/925 926/926 942/942
f 926/926 943/943 942/942
f 926/926 927/927 943/943
f 927/927 944/944 943/943
f 927/927 928/928 944/944
f 928/928 945/945 944/944
f 928/928 929/929 945/945
f 929/929 946/946 945/945
f 929/929 930/930 946/946
f 930/930 947/947 946/946
f 930/930 931/931 947/947
f 931/931 948/948 947/947
f 931/931 932/932 948/948
f 932/932 949/949 948/948
f 932/932 933/933 949/949
f 933/933 950/950 949/949
f 933/933 934/934 950/950
f 934/934 951/951 950/950
f 934/934 935/935 951/951
f 935/935 952/952 951/951
f 936/936 937/937 953/953
f 937/937 954/954 953/953
f 937/937 938/938 954/954
f 938/938 955/955 954/954
f 938/938 939/939 955/955
f 939/939 956/956 955/955
f 939/939 940/940 956/956
f 940/940 957/957 956/956
f 940/940 941/941 957/957
f 941/941 958/958 957/957
f 941/941 942/942 958/958
f 942/942 959/959 958/958
f 942/942 943/943 959/959
f 943/943 960/960 959/959
f 943/943 944/944 960/960
f 944/944 961/961 960/960
f 944/944 945/945 961/961
f 945/945 962/962 961/961
f 945/945 946/946 962/962
f 946/946 963/963 962/962
f 946/946 947/947 963/963
f 947/947 964/964 963/963
f 947/947 948/948 964/964
f 948/948 965/965 964/964
f 948/948 949/949 965/965
f 949/949 966/966 965/965
f 949/949 950/950 966/966
f 950/950 967/967 966/966
f 950/950 951/951 967/967
f 951/951 968/968 967/967
f 951/951 952/952 968/968
f 952/952 969/969 968/968
f 953/953 954/954 970/970
f 954/954 971/971 970/970
f 954/954 955/955 971/971
f 955/955 972/972 971/971
f 955/955 956/956 972/972
f 956/956 973/973 972/972
f 956/956 957/957 973/973
f 957/957 974/974 973/973
f 957/957 958/958 974/974
f 958/958 975/975 974/974
f 958/958 959/959 975/975
f 959/959 976/976 975/975
f 959/959 960/960 976/976
f 960/960 977/977 976/976
f 960/960 961/961 977/977
f 961/961 978/978 977/977
f 961/961 962/962 978/978
f 962/962 979/979 978/978
f 962/962 963/963 979/979
f 963/963 980/980 979/979
f 963/963 964/964 980/980
f 964/964 981/981 980/980
f 964/964 965/965 981/981
f 965/965 982/982 981/981
f 965/965 966/966 982/982
f 966/966 983/983 982/982
f 966/966 967/967 983/983
f 967/967 984/984 983/983
f 967/967 968/968 984/984
f 968/968 985/985 984/984
f 968/968 969/969 985/985
f 969/969 986/986 985/985
f 970/970 971/971 987/987
f 971/971 988/988 987/987
f 971/971 972/972 988/988
f 972/972 989/989 988/988
f 972/972 973/973 989/989
f 973/973 990/990 989/989
f 973/973 974/974 990/990
f 974/974 991/991 990/990
f 974/974 975/975 991/991
f 975/975 992/992 991/991
f 975/975 976/976 992/992
f 976/976 993/993 992/992
f 976/976 977/977 993/993
f 977/977 994/994 993/993
f 977/977 978/978 994/994
f 978/978 995/995 994/994
f 978/978 979/979 995/995
f 979/979 996/996 995/995
f 979/979 980/980 996/996
f 980/980 997/997 996/996
f 980/980 981/981 997/997
f 981/981 998/998 997/997
f 981/981 982/982 998/998
f 982/982 999/999 998/998
f 982/982 983/983 999/999
f 983/983 1000/1000 999/999
f 983/983 984/984 1000/1000
f 984/984 1001/1001 1000/1000
f 984/984 985/985 1001/1001
f 985/985 1002/1002 1001/1001
f 985/985 986/986 1002/1002
f 986/986 1003/1003 1002/1002
f 987/987 988/988 1004/1004
f 988/988 1005/1005 1004/1004
f 988/988 989/989 1005/1005
f 989/989 1006/1006 1005/1005
f 989/989 990/990 1006/1006
f 990/990 1007/1007 1006/1006
f 990/990 991/991 1007/1007
f 991/991 1008/1008 1007/1007
f 991/991 992/992 1008/1008
f 992/992 1009/1009 1008/1008
f 992/992 993/993 1009/1009
f 993/993 1010/1010 1009/1009
f 993/993 994/994 1010/1010
f 994/994 1011/1011 1010/1010
f 994/994 995/995 1011/1011
f 995/995 1012/1012 1011/1011
f 995/995 996/996 1012/1012
f 996/996 1013/1013 1012/1012
f 996/996 997/997 1013/1013
f 997/997 1014/1014 1013/1013
f 997/997 998/998 1014/1014
f 998/998 1015/1015 1014/1014
f 998/998 999/999 1015/1015
f 999/999 1016/1016 1015/1015
f 999/999 1000/1000 1016/1016
f 1000/1000 1017/1017 1016/1016
f 1000/1000 1001/1001 1017/1017
f 1001/1001 1018/1018 1017/1017
f 1001/1001 1002/1002 1018/1018
f 1002/1002 1019/1019 1018/1018
f 1002/1002 1003/1003 1019/1019
f 1003/1003 1020/1020 1019/1019
f 1004/1004 1005/1005 1021/1021
f 1005/1005 1022/1022 1021/1021
f 1005/1005 1006/1006 1022/1022
f 1006/1006 1023/1023 1022/1022
f 1006/1006 1007/1007 1023/1023
f 1007/1007 1024/1024 1023/1023
f 1007/1007 1008/1008 1024/1024
f 1008/1008 1025/1025 1024/1024
f 1008/1008 1009/1009 1025/1025
f 1009/1009 1026/1026 1025/1025
f 1009/1009 1010/1010 1026/1026
f 1010/1010 1027/1027 1026/1026
f 1010/1010 1011/1011 1027/1027
f 1011/1011 1028/1028 1027/1027
f 1011/1011 1012/1012 1028/1028
f 1012/1012 1029/1029 1028/1028
f 1012/1012 1013/1013 1029/1029
f 1013/1013 1030/1030 1029/1029
f 1013/1013 1014/1014 1030/1030
f 1014/1014 1031/1031 1030/1030
f 1014/1014 1015/1015 1031/1031
f 1015/1015 1032/1032 1031/1031
f 1015/1015 1016/1016 1032/1032
f 1016/1016 1033/1033 1032/1032
f 1016/1016 1017/1017 1033/1033
f 1017/1017 1034/1034 1033/1033
f 1017/1017 1018/1018 1034/1034
f 1018/1018 1035/1035 1034/1034
f 1018/1018 1019/1019 1035/1035
f 1019/1019 1036/1036 1035/1035
f 1019/1019 1020/1020 1036/1036
f 1020/1020 1037/1037 1036/1036
f 1021/1021 1022/1022 1038/1038
f 1022/1022 1039/1039 1038/1038
f 1022/1022 1023/1023 1039/1039
f 1023/1023 1040/1040 1039/1039
f 1023/1023 1024/1024 1040/1040
f 1024/1024 1041/1041 1040/1040
f 1024/1024 1025/1025 1041/1041
f 1025/1025 1042/1042 1041/1041
f 1025/1025 1026/1026 1042/1042
f 1026/1026 1043/1043 1042/1042
f 1026/1026 1027/1027 1043/1043
f 1027/1027 1044/1044 1043/1043
f 1027/1027 1028/1028 1044/1044
f 1028/1028 1045/1045 1044/1044
f 1028/1028 1029/1029 1045/1045
f 1029/1029 1046/1046 1045/1045
f 1029/1029 1030/1030 1046/1046
f 1030/1030 1047/1047 1046/1046
f 1030/1030 1031/1031 1047/1047
f 1031/1031 1048/1048 1047/1047
f 1031/1031 1032/1032 1048/1048
f 1032/1032 1049/1049 1048/1048
f 1032/1032 1033/1033 1049/1049
f 1033/1033 1050/1050 1049/1049
f 1033/1033 1034/1034 1050/1050
f 1034/1034 1051/1051 1050/1050
f 1034/1034 1035/1035 1051/1051
f 1035/1035 1052/1052 1051/1051
f 1035/1035 1036/1036 1052/1052
f 1036/1036 1053/1053 1052/1052
f 1036/1036 1037/1037 1053/1053
f 1037/1037 1054/1054 1053/1053
f 1038/1038 1039/1039 1055/1055
f 1039/1039 1056/1056 1055/1055
f 1039/1039 1040/1040 1056/1056
f 1040/1040 1057/1057 1056/1056
f 1040/1040 1041/1041 1057/1057
f 1041/1041 1058/1058 1057/1057
f 1041/1041 1042/1042 1058/1058
f 1042/1042 1059/1059 1058/1058
f 1042/1042 1043/1043 1059/1059
f 1043/1043 1060/1060 1059/1059
f 1043/1043 1044/1044 1060/1060
f 1044/1044 1061/1061 1060/1060
f 1044/1044 1045/1045 1061/1061
f 1045/1045 1062/1062 1061/1061
f 1045/1045 1046/1046 1062/1062
f 1046/1046 1063/1063 1062/1062
f 1046/1046 1047/1047 1063/1063
f 1047/1047 1064/1064 1063/1063
f 1047/1047 1048/1048 1064/1064
f 1048/1048 1065/1065 1064/1064
f 1048/1048 1049/1049 1065/1065
f 1049/1049 1066/1066 1065/1065
f 1049/1049 1050/1050 1066/1066
f 1050/1050 1067/1067 1066/1066
f 1050/1050 1051/1051 1067/1067
f 1051/1051 1068/1068 1067/1067
f 1051/1051 1052/1052 1068/1068
f 1052/1052 1069/1069 1068/1068
f 1052/1052 1053/1053 1069/1069
f 1053/1053 1070/1070 1069/1069
f 1053/1053 1054/1054 1070/1070
f 1054/1054 1071/1071 1070/1070
f 1055/1055 1056/1056 1072/1072
f 1056/1056 1073/1073 1072/1072
f 1056/1056 1057/1057 1073/1073
f 1057/1057 1074/1074 1073/1073
f 1057/1057 1058/1058 1074/1074
f 1058/1058 1075/1075 1074/1074
f 1058/1058 1059/1059 1075/1075
f 1059/1059 1076/1076 1075/1075
f 1059/1059 1060/1060 1076/1076
f 1060/1060 1077/1077 1076/1076
f 1060/1060 1061/1061 1077/1077
f 1061/1061 1078/1078 1077/1077
f 1061/1061 1062/1062 1078/1078
f 1062/1062 1079/1079 1078/1078
f 1062/1062 1063/1063 1079/1079
f 1063/1063 1080/1080 1079/1079
f 1063/1063 1064/1064 1080/1080
f 1064/1064 1081/1081 1080/1080
f 1064/1064 1065/1065 1081/1081
f 1065/1065 1082/1082 1081/1081
f 1065/1065 1066/1066 1082/1082
f 1066/1066 1083/1083 1082/1082
f 1066/1066 1067/1067 1083/1083
f 1067/1067 1084/1084 1083/1083
f 1067/1067 1068/1068 1084/1084
f 1068/1068 1085/1085 1084/1084
f 1068/1068 1069/1069 1085/1085
f 1069/1069 1086/1086 1085/1085
f 1069/1069 1070/1070 1086/1086
f 1070/1070 1087/1087 1086/1086
f 1070/1070 1071/1071 1087/1087
f 1071/1071 1088/1088 1087/1087
f 1072/1072 1073/1073 1089/1089
f 1073/1073 1090/1090 1089/1089
f 1073/1073 1074/1074 1090/1090
f 1074/1074 1091/1091 1090/1090
f 1074/1074 1075/1075 1091/1091
f 1075/1075 1092/1092 1091/1091
f 1075/1075 1076/1076 1092/1092
f 1076/1076 1093/1093 1092/1092
f 1076/1076 1077/1077 1093/1093
f 1077/1077 1094/1094 1093/1093
f 1077/1077 1078/1078 1094/1094
f 1078/1078 1095/1095 1094/1094
f 1078/1078 1079/1079 1095/1095
f 1079/1079 1096/1096 1095/1095
f 1079/1079 1080/1080 1096/1096
f 1080/1080 1097/1097 1096/1096
f 1080/1080 1081/1081 1097/1097
f 1081/1081 1098/1098 1097/1097
f 1081/1081 1082/1082 1098/1098
f 1082/1082 1099/1099 1098/1098
f 1082/1082 1083/1083 1099/1099
f 1083/1083 1100/1100 1099/1099
f 1083/1083 1084/1084 1100/1100
f 1084/1084 1101/1101 1100/1100
f 1084/1084 1085/1085 1101/1101
f 1085/1085 1102/1102 1101/1101
f 1085/1085 1086/1086 1102/1102
f 1086/1086 1103/1103 1102/1102
f 1086/1086 1087/1087 1103/1103
f 1087/1087 1104/1104 1103/1103
f 1087/1087 1088/1088 1104/1104
f 1088/1088 1105/1105 1104/1104
